name,location
O'Keefe and Sons,4 Basil Circle
Ankunding-Bayer,23954 Harper Point
MacGyver Group,4573 Orin Drive
"Hegmann, Ruecker and Leuschke",3 Elgar Court
Mohr Inc,02863 Hansons Parkway
Gusikowski-Stehr,34 Namekagon Way
"Price, Hartmann and O'Reilly",4 Stang Lane
Turcotte-Hintz,873 Beilfuss Junction
Bergstrom LLC,787 Thackeray Way
Williamson Inc,580 Hansons Street
"Kohler, Kuvalis and Beatty",0 Fordem Trail
"Kuvalis, Homenick and Bogan",05138 Troy Center
"Spinka, Haley and Kunde",21971 Di Loreto Way
Runolfsdottir-Bernier,6 Summerview Plaza
"Bosco, Kris and Thompson",7 Pleasure Road
Bernhard-Kulas,212 Harper Parkway
Lemke-Beahan,54 4th Hill
Hickle-Pacocha,1 Ludington Plaza
"Schumm, Upton and Stroman",9 Rieder Plaza
Huel and Sons,1521 Westend Crossing
Parker Inc,4 Johnson Street
"Cremin, Lang and Harris",185 David Trail
Little-Ernser,15 Emmet Junction
"Rosenbaum, Gerhold and Sauer",58 Summer Ridge Pass
"Cartwright, Willms and Toy",1731 Cardinal Trail
Dibbert-Cronin,583 Carpenter Circle
Flatley-Beier,41 Bunting Parkway
"Balistreri, Lindgren and Gleason",29 Hermina Pass
Hintz-Simonis,13625 Rusk Court
Weber-Rau,00 Old Gate Crossing
Bashirian-Nienow,41 Bay Court
"O'Connell, Fahey and Cummings",37 Talmadge Hill
Morar-Rosenbaum,158 Graedel Court
Hayes-Bogan,742 Bluejay Alley
Senger-Gutkowski,571 Westport Street
Harris-Herman,14886 Daystar Way
Hane and Sons,6 Eagle Crest Terrace
Kovacek-Lehner,8 Sauthoff Court
Ruecker Inc,97551 Red Cloud Court
"Upton, Durgan and Sipes",6 Haas Place
Ullrich Group,72 Oakridge Hill
"Schmidt, Grimes and VonRueden",2127 Ronald Regan Drive
Pacocha LLC,11410 Heath Pass
"Simonis, Cremin and Kling",59984 Loeprich Junction
Wiegand Inc,2764 Sommers Place
Harber-Reichert,9312 Logan Avenue
Legros-Crona,52 Hooker Lane
Stamm-Olson,40883 Talisman Terrace
Erdman Group,089 Summer Ridge Street
Wisoky LLC,49956 Sutherland Center
Stark-Reilly,4 Kensington Point
Beer-Jones,8 Del Mar Park
Grady Group,6552 Nancy Terrace
Klein-Kub,53505 Meadow Valley Center
"Legros, Fay and Armstrong",746 Raven Junction
"Wehner, Greenholt and Okuneva",05 Elmside Way
"Hansen, Zulauf and Schumm",04 Warner Junction
Barton Group,8 Summit Road
Krajcik-Doyle,3 Crest Line Circle
"Legros, McGlynn and Brekke",04551 Gulseth Parkway
"Schimmel, Roob and Hirthe",41704 Talisman Road
Hane Inc,62314 Lakewood Pass
Hauck-Nitzsche,640 Doe Crossing Parkway
"Marvin, Bradtke and Mohr",9225 East Point
Green LLC,834 Arrowood Alley
"Streich, Wehner and Abshire",36 Ridgeview Trail
Block-Vandervort,4416 Nelson Parkway
Greenfelder Group,8160 Heath Court
Ward Inc,68 Steensland Terrace
"Thiel, Kuphal and Skiles",036 Kedzie Trail
Runte-Farrell,3 Banding Center
Okuneva-Flatley,5265 Mallard Crossing
"Reichert, Wisozk and Daugherty",774 Florence Parkway
"Herman, Purdy and Gleichner",1065 Paget Way
Brown Inc,574 Sheridan Court
VonRueden-Nolan,09923 Lake View Terrace
Barton-Strosin,782 Hanson Junction
"Krajcik, Welch and Aufderhar",1615 International Avenue
Reichert-Kuhn,85 Nancy Court
Ziemann Inc,5475 Sutherland Trail
Rosenbaum and Sons,88 Mendota Crossing
"Walsh, Hoppe and Torphy",392 Judy Street
Balistreri-Hettinger,6971 Pankratz Pass
Metz-Nienow,01056 Manitowish Street
Ondricka-Bruen,36231 Dahle Hill
Will Group,9 Fair Oaks Center
Armstrong-West,603 Summit Street
"Hane, Kilback and Hettinger",9213 Thackeray Drive
"Bayer, Spencer and Bogisich",32 Haas Court
Kunde Group,96925 Ryan Center
"Krajcik, Simonis and Emmerich",2400 Kedzie Trail
MacGyver-Bartell,295 Del Sol Way
Shields-Schneider,5863 Northfield Hill
Gorczany LLC,07 Hazelcrest Trail
"Smith, Ratke and Kutch",4 Golf Course Court
"Metz, Mosciski and West",955 Kedzie Trail
Kub Inc,363 Morrow Place
Harvey-Parisian,81 Emmet Plaza
Kling LLC,126 Haas Pass
Turcotte Group,4695 Talmadge Park
"Lueilwitz, Schimmel and Robel",352 Claremont Alley
"Lindgren, Volkman and Abshire",4 Muir Hill
Brown-Johnston,65805 Manley Road
Feil LLC,975 Namekagon Alley
Jacobi-West,24749 Jenifer Crossing
"Friesen, Rippin and Borer",8 Armistice Way
Konopelski Inc,5 Norway Maple Plaza
Ruecker-Schinner,79 Charing Cross Center
"Parker, Schimmel and Considine",8497 Artisan Hill
Beer LLC,19943 Warbler Way
"Armstrong, Mertz and Hegmann",2 Longview Point
"Wuckert, Sipes and MacGyver",763 Shopko Court
Schamberger-McClure,2654 Tennyson Trail
"Casper, Cormier and Brekke",0478 Claremont Center
"Simonis, Barton and Bode",986 Eastwood Junction
"Quigley, Muller and Ferry",89 Gale Point
Mraz-Hilll,7 Miller Pass
Reichel-Kassulke,4 Chive Crossing
O'Conner LLC,18 Darwin Junction
Graham and Sons,1 Anniversary Hill
Bahringer and Sons,57 American Ash Street
"Mueller, Runolfsdottir and Klein",4631 Spenser Alley
Feest-Bergstrom,6 Prentice Pass
"Powlowski, Stehr and Casper",2 Melody Junction
Rice Inc,0 Mariners Cove Hill
"Donnelly, Witting and O'Conner",909 Bartelt Alley
Jacobson LLC,60528 Glendale Point
Weissnat-Ankunding,39974 Onsgard Avenue
Stokes-Prohaska,7 New Castle Pass
"Douglas, Beer and Schultz",38 Eliot Pass
Hand-Marquardt,6422 Pine View Circle
Towne-Ryan,9894 Duke Alley
"Hermiston, Lang and Dach",66 Washington Hill
Kihn-Jerde,62689 Straubel Street
Zboncak Inc,29 Briar Crest Lane
Greenholt and Sons,96 Oak Valley Drive
Kris-Blick,91 Corscot Street
Kihn-Stamm,70 Crest Line Pass
Roob and Sons,2980 Mariners Cove Circle
Conroy-Sauer,834 Twin Pines Way
"Wolff, Moen and Ullrich",90187 Veith Point
Fay Inc,00720 Stang Crossing
Kiehn LLC,05813 Crownhardt Lane
Willms-Jakubowski,8124 Claremont Alley
Rodriguez and Sons,70 Elka Parkway
"Rowe, Stokes and Oberbrunner",2440 Mallory Avenue
"Glover, Schowalter and Walker",237 Caliangt Parkway
"Kohler, Herman and Kuhic",621 Hanson Road
Witting LLC,406 Waubesa Avenue
"Flatley, Lind and Orn",88447 Prairie Rose Hill
Heidenreich Group,912 Warner Street
Harris LLC,04092 Vermont Trail
Harber Group,097 Swallow Pass
Dietrich Inc,304 Chinook Circle
Bailey Inc,0867 Bunting Park
Bruen-Padberg,18080 Glendale Terrace
Ziemann and Sons,7 Dayton Way
"Volkman, Romaguera and Hansen",78 Bunker Hill Center
Becker-Mohr,10361 Oak Valley Crossing
Cruickshank-Schaefer,1 Columbus Pass
Walker-Carroll,4264 Melvin Place
Kassulke Inc,2827 Vidon Avenue
Welch LLC,89 Fair Oaks Road
"Huel, Berge and Dibbert",3 Hoard Point
Reinger-Champlin,643 Pennsylvania Center
Hammes-Witting,24707 Warner Lane
McLaughlin Group,02 Summit Road
"Wuckert, Friesen and Pouros",908 Declaration Plaza
"Rau, Hansen and Rice",38 Fuller Circle
"Willms, Hyatt and Heidenreich",97203 Pankratz Circle
Crona LLC,03 Dakota Point
Zulauf-McDermott,086 Bartillon Center
Hermiston-Watsica,5950 Pawling Lane
Wehner-Mohr,44 Sachs Way
Carroll Group,337 Lake View Park
Hahn-Bruen,6115 Transport Place
Hauck-Schuppe,03 Manufacturers Junction
"Kozey, Skiles and Trantow",686 Burning Wood Court
"Wuckert, Waters and Raynor",20 Fallview Circle
Torphy-Bins,7 Grayhawk Place
"Konopelski, Tromp and Roberts",6 Rutledge Road
Maggio-Walker,4013 Badeau Junction
Parisian-Terry,40007 Sycamore Crossing
Dicki Inc,193 Independence Road
Jacobs-Kohler,2737 Crownhardt Alley
Pacocha-Bednar,5217 Sachs Place
"Labadie, Tromp and Welch",4 Atwood Point
"Casper, Roob and Pagac",73089 Clyde Gallagher Trail
"McGlynn, Abernathy and Smith",4 Lien Way
Emard-Bradtke,33953 Browning Terrace
Dicki-Hirthe,97101 Banding Street
Jaskolski Group,8 Haas Point
Lubowitz-Runolfsdottir,42573 Forest Dale Circle
Williamson-Rohan,3 Stuart Center
"Runolfsson, Goyette and Renner",2458 Eagan Plaza
Durgan and Sons,14131 Independence Drive
Larson Group,2387 Rusk Road
"Kautzer, Lesch and Koepp",23 Daystar Pass
Fisher Group,54 Florence Street
"Lowe, Bayer and Frami",71648 Lake View Terrace
"Torphy, Denesik and Kohler",553 Monica Plaza
Bode-Hyatt,6 Pawling Pass
Boehm-Feil,94863 Rieder Point
"Thiel, Padberg and Ruecker",168 Rutledge Drive
Cremin-Towne,49 Artisan Hill
"Cremin, Hirthe and McDermott",2 Lotheville Plaza
Reynolds Group,321 Bay Circle
"Thiel, Luettgen and Towne",93771 Barnett Drive
Roob Group,35 Shelley Avenue
Bashirian-Collins,0466 Rutledge Place
Stracke-Considine,86924 Packers Alley
Gleichner and Sons,81 Northview Lane
MacGyver-Reilly,395 Acker Hill
Moen Group,2868 Quincy Parkway
"Marquardt, Mante and Schmeler",94 Crownhardt Avenue
Price-Jaskolski,09 Autumn Leaf Place
Parker-Gerlach,8302 Clemons Way
"Block, Upton and Barrows",342 Fremont Avenue
Mohr LLC,07 Kingsford Plaza
Prosacco LLC,46 Orin Junction
Nikolaus Inc,3 Bluejay Crossing
"Sawayn, Flatley and Rohan",922 Kedzie Terrace
"Bartell, Mosciski and O'Keefe",95 Cardinal Junction
Ullrich LLC,42007 Anderson Lane
Beer Inc,37 Hudson Drive
"Schmitt, Dach and Rutherford",0 Lillian Park
Borer LLC,4495 Division Alley
"Jaskolski, Nikolaus and Cruickshank",28080 Hollow Ridge Terrace
"Gislason, Swift and Bahringer",686 Melvin Plaza
Nader Group,31 Dennis Hill
Fay-Goyette,63925 Commercial Street
"Pfannerstill, Miller and Fahey",8 Oriole Drive
"Skiles, Prosacco and Quigley",552 Grim Street
Bashirian-Pacocha,7759 Montana Trail
"Pollich, Hettinger and Gulgowski",83 Pierstorff Parkway
"Goyette, Huel and Ziemann",83076 Warner Crossing
Greenholt-Hermiston,34 Autumn Leaf Court
Ortiz-O'Kon,56836 Heffernan Terrace
"Schmidt, Bradtke and Stracke",62438 Thackeray Park
Adams LLC,7 Magdeline Terrace
Harber and Sons,39 Dexter Trail
Herzog-Koss,91341 Merry Terrace
Beahan-Shanahan,91 Graceland Point
Oberbrunner-Goodwin,3 Vahlen Court
Monahan LLC,1 Merchant Parkway
Keeling LLC,74939 Southridge Terrace
"Schaden, Leffler and Little",60 Melrose Hill
Lockman and Sons,0140 Bluejay Drive
Heaney-Morar,5 Northport Point
Pollich Inc,13041 Springview Alley
Price Group,270 Columbus Center
McCullough Group,052 Johnson Avenue
"Considine, Bogisich and Ruecker",906 Brickson Park Drive
"Schuster, Balistreri and Borer",301 Bobwhite Avenue
Terry-Kohler,87 Hanson Parkway
Kozey-Hammes,76 Lyons Road
Leannon-Langworth,5177 Lighthouse Bay Circle
Rohan LLC,42771 Bay Street
"Homenick, Medhurst and Grant",2 Browning Crossing
Bayer Inc,71225 Stephen Junction
"Purdy, Muller and Pagac",850 Pankratz Plaza
"Hayes, Breitenberg and Jast",97 Prentice Place
"Kohler, Boyer and Johnson",8 Merrick Park
Purdy Inc,3964 Mcbride Way
Buckridge and Sons,71463 Pond Lane
Graham-Denesik,9 Prairieview Hill
White LLC,17319 Logan Park
Shanahan Inc,8 Hoffman Trail
"Bauch, Frami and Okuneva",7 Hovde Place
"Wyman, Mosciski and Bartoletti",086 Sutherland Hill
"Kshlerin, Hahn and Schmitt",0 Gulseth Court
Barton-Romaguera,8 Linden Terrace
"Weber, Kihn and Langworth",081 Bobwhite Point
Klein Group,4459 Glendale Drive
"Carter, Robel and Ankunding",52 Pawling Pass
Kub-Schowalter,2223 Florence Court
Macejkovic-Hartmann,075 Alpine Crossing
"Lemke, Mraz and Satterfield",374 Vernon Way
"Zieme, Greenholt and Farrell",80 Spenser Terrace
Reilly Inc,47 Jackson Avenue
Halvorson-Marquardt,26972 Vernon Alley
Lakin-Frami,447 Superior Hill
Gaylord-Cormier,93 Myrtle Point
Lueilwitz-Durgan,00 Havey Center
Grady-Gislason,30 Brickson Park Circle
Koelpin Group,481 Mariners Cove Center
Bergstrom-Nikolaus,42670 Twin Pines Plaza
Lueilwitz-Leuschke,181 Namekagon Pass
Kirlin LLC,00015 Petterle Pass
Jast and Sons,79 Cordelia Plaza
Gusikowski Inc,397 Ronald Regan Road
Pouros-Leuschke,70 Prentice Point
"Marquardt, Oberbrunner and Jones",657 Vermont Plaza
"Schmidt, Hermann and Ratke",9911 Porter Hill
"Tremblay, Schuster and Wehner",4 Pleasure Junction
"Leuschke, Strosin and Koelpin",85 Badeau Avenue
Ratke-Tremblay,220 Dexter Park
"Hoeger, Hilpert and Hackett",2 Manufacturers Crossing
Kiehn-Lindgren,19313 Russell Hill
Dooley LLC,20032 Pennsylvania Circle
Schimmel-Weissnat,28 Miller Hill
Lockman Inc,41 Kipling Lane
Block-Bednar,94187 East Parkway
Johns and Sons,88647 Welch Place
Luettgen Inc,05220 Helena Trail
Parker-Turcotte,84 Jana Plaza
Homenick-Kozey,301 Eagle Crest Parkway
Padberg Group,2 Loeprich Parkway
Farrell Group,16365 Anthes Road
Durgan LLC,1 Paget Alley
Beer LLC,69700 Badeau Lane
"Schaefer, Fadel and Lakin",03822 Manitowish Drive
"Beer, Grant and Spencer",23 Mariners Cove Plaza
"Konopelski, Huel and Kunze",51 Elgar Trail
"Anderson, Jast and Corwin",5156 Duke Street
Gutmann LLC,18000 Golf View Street
Altenwerth-Rutherford,3097 Daystar Crossing
Beatty-Farrell,25430 Vera Terrace
Price Inc,2064 Almo Trail
Keebler and Sons,1 Packers Avenue
"Stroman, Quigley and Hilll",78 Saint Paul Terrace
Dach-Haag,3 Independence Park
Mayer-Nolan,32 Green Ridge Road
"Hartmann, Auer and Witting",3 Superior Center
Thompson and Sons,3 Morningstar Terrace
Welch Inc,92887 Bartelt Place
Barton-Cronin,80295 Sheridan Terrace
"Bechtelar, Carroll and Graham",485 Moulton Terrace
Wehner Group,164 Green Crossing
"Simonis, Homenick and Turner",06 Onsgard Junction
Homenick LLC,11186 Manitowish Hill
"Macejkovic, Weimann and Schneider",3 Beilfuss Plaza
"Braun, Gorczany and Lubowitz",24799 Upham Drive
"Marks, Connelly and Fadel",326 Stone Corner Crossing
Rippin-Schmitt,6656 Del Mar Hill
Orn Group,0567 Kings Point
Bergstrom-Morissette,2 Badeau Road
Doyle and Sons,27 Cody Street
Hettinger-Hauck,45917 Banding Plaza
"Oberbrunner, Paucek and Senger",93011 Manley Place
"Breitenberg, Klocko and Wolff",72 Claremont Terrace
Cole-Goodwin,05 Stephen Park
Dibbert-Rolfson,68874 Canary Avenue
Paucek and Sons,44 Bunting Drive
Dach and Sons,8868 Reindahl Lane
"Wisoky, Wolff and Reichel",28792 Hazelcrest Crossing
"Brekke, Mraz and Harber",94951 Goodland Alley
Kub Inc,979 Armistice Road
Treutel-Cremin,83975 Carioca Park
Becker and Sons,35 Melrose Park
Leffler and Sons,4 Carey Park
Wuckert and Sons,06 Walton Lane
Smitham and Sons,0 Emmet Drive
"Hessel, West and Bashirian",735 Ridge Oak Plaza
"Heidenreich, Purdy and Sporer",00 Pierstorff Avenue
Cartwright Group,8 Kennedy Circle
Hettinger-Raynor,6085 Westridge Point
O'Kon-Von,943 Oak Valley Hill
Gulgowski-Kunze,35428 Coleman Alley
Hessel-Nikolaus,82 Pepper Wood Road
Feest Group,9 Oriole Plaza
Schuster-Conn,33 Michigan Terrace
"Krajcik, Baumbach and Goyette",9468 Gerald Alley
"Kuphal, Emmerich and Connelly",7766 Arrowood Terrace
Fahey LLC,11153 Hanover Pass
"Rempel, Friesen and Langworth",01457 Mayfield Hill
Lebsack Inc,4326 Lukken Place
Boyer Group,78 Nancy Plaza
"Jaskolski, Bosco and Baumbach",4987 Oakridge Trail
"Runolfsdottir, Rowe and Marvin",03215 Morning Terrace
Koepp-Armstrong,44 Corscot Road
Senger Inc,6903 Milwaukee Road
"Mraz, Ortiz and Stroman",60 Glacier Hill Drive
Oberbrunner and Sons,78 Brown Street
Mayer Group,13272 Hollow Ridge Way
Renner Inc,9254 South Hill
Schultz Inc,66 Anderson Street
Schmitt-Langworth,3 Mallard Alley
Ziemann-Turcotte,3056 Fulton Hill
Parisian Inc,8 Service Court
Jast Group,744 Dwight Way
O'Connell and Sons,5 Caliangt Point
Walsh Group,6538 Thompson Place
Erdman Inc,4025 Dwight Court
"Beatty, Stoltenberg and Schinner",518 Kim Lane
Rowe-Rath,11732 Commercial Pass
Raynor Inc,6350 Bartelt Pass
"Steuber, Zieme and Beer",736 Tennessee Pass
"Stokes, Rice and Heathcote",836 Russell Trail
"Nader, Wisozk and Dare",1 Hanson Center
"Nolan, Rempel and Morar",3 Mallard Crossing
"White, Boyle and Quigley",8010 Lakewood Gardens Street
"Powlowski, Langosh and Larson",87 Kings Avenue
Kuvalis-Emard,93533 Sommers Drive
Lind-Schowalter,79905 Aberg Trail
Mosciski-Breitenberg,43601 East Way
Rutherford-Schamberger,27 Cordelia Terrace
McDermott-Kuhic,6284 Texas Hill
Hickle LLC,40 Killdeer Terrace
Cummerata-Schneider,1 Roxbury Avenue
Tromp-Sporer,87 Springview Road
Walsh-MacGyver,8 Vahlen Plaza
"Graham, Nikolaus and Hegmann",8124 Mallard Crossing
"Mraz, Schowalter and Morar",0 Sunbrook Drive
"Rice, Nicolas and Collier",16 Donald Parkway
Wuckert and Sons,41 Kingsford Road
Bayer-Labadie,26 Sauthoff Circle
Wiza-Bode,25404 Kennedy Plaza
Keebler Inc,95611 Stone Corner Parkway
Weimann and Sons,0 Springs Way
Anderson LLC,575 Mariners Cove Road
"Hirthe, Turner and Hagenes",6690 Westend Court
Brown-Kunde,566 Judy Park
Legros-Douglas,43 Jenifer Court
"Crist, Paucek and Altenwerth",24634 Merrick Trail
Corwin Group,40884 Marcy Avenue
Paucek-Barrows,815 Tennessee Circle
McGlynn-West,6 High Crossing Lane
"Hodkiewicz, Ondricka and Flatley",2146 Tennessee Point
Tremblay Group,5 Waxwing Place
Baumbach-Kautzer,328 Doe Crossing Park
Smith-Haley,306 Shelley Pass
Ullrich and Sons,793 Hanson Parkway
"Frami, D'Amore and Kovacek",63 Golf View Center
"Raynor, Herzog and Johnston",9 Mayer Plaza
"Hartmann, Lockman and Schamberger",19 Nevada Plaza
Orn and Sons,20 Laurel Place
Will-Muller,6132 Bluestem Alley
Nikolaus Group,27303 Crescent Oaks Place
Jacobi Inc,910 Kedzie Plaza
Corwin Group,83486 Autumn Leaf Lane
Lesch LLC,6215 Farragut Drive
Cronin-Hermiston,3 Washington Lane
"Bradtke, Hahn and McDermott",167 Thackeray Road
"Hettinger, Balistreri and Bauch",6 Buhler Lane
"Gutmann, Windler and White",7873 Anderson Street
Carter-Schimmel,46 Dexter Parkway
Gleason-Wolf,72 Randy Way
Kerluke-Ortiz,6483 Hudson Lane
"Cronin, Beier and Larson",2 Moose Terrace
Cartwright Group,43 Vahlen Place
"Leuschke, Schaefer and Zulauf",00383 Elgar Crossing
"Mante, Tremblay and Hodkiewicz",06 Comanche Center
Kiehn Inc,7269 Nancy Point
Rempel Inc,7 Leroy Pass
Wyman-Bernier,7 Waxwing Hill
Bauch-Dickens,6 Hansons Hill
Kulas Inc,84788 Fremont Plaza
Hackett LLC,59 Del Sol Way
"Crona, Hartmann and Ondricka",30630 Hooker Drive
"Cremin, Pfannerstill and Jones",411 Kim Alley
Smitham LLC,56300 Erie Terrace
Zulauf-Marquardt,73 3rd Park
Ullrich Group,10 Emmet Terrace
Corkery-Ernser,8 Macpherson Junction
Bernier Inc,6 Milwaukee Terrace
Toy LLC,5 Corry Parkway
Conroy-Wilderman,50 5th Avenue
Parker-Pacocha,054 Troy Trail
Harber LLC,5019 Longview Crossing
"Mohr, Blanda and Collier",49241 Laurel Terrace
Breitenberg-Dibbert,89 Ruskin Court
"Hackett, Windler and Hintz",153 Cordelia Hill
Stamm-Turner,5 Briar Crest Crossing
McLaughlin LLC,2059 Hanson Plaza
Corkery LLC,57531 Memorial Crossing
"Hermann, Witting and Hills",2294 Bunker Hill Lane
Ratke LLC,3536 Chinook Pass
Stokes and Sons,53641 Golf View Crossing
Considine-Koepp,92785 Fuller Junction
Kassulke-Schaden,86677 Crest Line Lane
"Jakubowski, Goodwin and Skiles",9486 West Street
Rolfson-Torp,129 Oneill Parkway
Jakubowski Inc,3 Pleasure Point
Ruecker-Stiedemann,00598 Sutherland Park
"Kerluke, Cronin and Rath",125 Mallory Crossing
Gleason Group,0303 Center Alley
"Haley, Hauck and Stark",7 Graedel Court
Beer-Kuhlman,61 Pepper Wood Court
"Berge, Frami and Romaguera",6 Dorton Circle
Dickens Group,59458 Waywood Place
Windler and Sons,9 Graceland Avenue
Haag Inc,554 Haas Center
Mohr Group,41685 Algoma Crossing
"Baumbach, Turner and Simonis",30316 Lighthouse Bay Park
Schneider-Douglas,09 Stang Road
"Bogisich, Schmidt and Rohan",986 Old Shore Hill
"Herzog, McCullough and Roberts",32273 Goodland Pass
"Rutherford, Rohan and Langosh",48745 Raven Lane
Collier-Kub,3 Fordem Pass
"Weimann, Friesen and O'Conner",4 Rockefeller Parkway
Simonis Inc,2823 Thompson Way
Koepp Inc,285 Dahle Place
Corwin and Sons,265 Summer Ridge Hill
Leuschke-Breitenberg,5693 Washington Road
"Schumm, Wiza and Gulgowski",4910 Stoughton Court
Ondricka-Satterfield,35451 Cody Pass
Stiedemann and Sons,7010 Sachtjen Trail
Haley-Block,7 John Wall Pass
Russel Inc,4979 Sachs Alley
"Lakin, Hahn and Goldner",69 Canary Avenue
"Witting, Harvey and Gleason",6 Hallows Street
McLaughlin-Bartell,1652 Morrow Pass
Dibbert-Mante,14 Milwaukee Point
Swaniawski Group,1343 Holy Cross Street
Rosenbaum-Kautzer,05 Roth Junction
Bins-Deckow,246 Ridge Oak Hill
Lang-Turner,1003 Haas Park
Hilpert-Kerluke,3826 Hoffman Center
"Osinski, Denesik and Hettinger",09948 Cherokee Street
"O'Hara, Rutherford and Dickens",02214 Heffernan Trail
Rice-Runolfsdottir,8151 5th Avenue
"Murazik, Tromp and Bosco",40 Golden Leaf Park
Huel LLC,99 Elgar Hill
Rogahn Inc,97007 Westridge Hill
Feeney and Sons,06702 Basil Drive
Ferry-Lubowitz,1980 Quincy Lane
Kuvalis-Harvey,30 Beilfuss Street
Rosenbaum Group,154 Luster Parkway
Morar-Turner,6357 West Way
Stamm-Tremblay,8614 Crest Line Trail
Schmitt and Sons,80 Golden Leaf Alley
Ullrich Inc,41 Burning Wood Trail
"Stanton, Klein and Funk",91728 Bultman Center
"Casper, Terry and Morissette",9989 Bartillon Terrace
"Reynolds, Wintheiser and Mueller",2 Transport Terrace
"Stark, Prohaska and Bernier",25 Myrtle Junction
Deckow and Sons,257 Warbler Street
Borer-Orn,6 Hermina Pass
"Lebsack, Nader and Walker",01832 Hauk Alley
"Hegmann, Rutherford and Kilback",5 North Trail
"Feeney, Gibson and Gibson",243 Logan Court
DuBuque-Smitham,5 Granby Terrace
Blick-Witting,38988 Birchwood Hill
"Greenfelder, Davis and Greenholt",916 Novick Point
Schaden Inc,220 Clove Trail
Quitzon Inc,3 Coleman Alley
"Hayes, Wiza and Gottlieb",35292 North Junction
"Jenkins, Schneider and Friesen",674 Loomis Way
Mitchell Inc,3 Crest Line Hill
"Ziemann, Romaguera and Upton",66 Clarendon Circle
Gaylord-Ruecker,22916 Maywood Street
"Koepp, Kuhlman and Spencer",25 Ilene Hill
Altenwerth-Von,4290 Hanson Terrace
Wiegand-Abshire,62 Novick Pass
"Ernser, Kirlin and Mueller",42935 Sommers Place
King Inc,853 Bayside Terrace
Schulist and Sons,350 Birchwood Lane
Gusikowski Inc,8107 Mockingbird Street
Goyette Inc,1 Mcguire Street
Douglas-Wiza,4850 Melvin Point
Steuber-Hansen,25622 David Plaza
"McClure, Wolff and Kohler",0 Dryden Drive
"Marquardt, Jenkins and Bartoletti",5083 Parkside Lane
"Krajcik, Marks and Hilpert",79127 Sloan Trail
Hoeger-Emmerich,8 Milwaukee Point
Greenholt-Koepp,9 Brickson Park Circle
"Witting, Bartell and Carter",7 Hovde Park
Franecki-Friesen,1 Little Fleur Point
Gislason Inc,21 Meadow Ridge Place
Ullrich and Sons,68 Union Circle
Buckridge Group,67 Twin Pines Point
Becker-Daugherty,0613 Carberry Terrace
Kling Inc,79022 Miller Drive
Torphy and Sons,9877 Cordelia Avenue
"Grimes, Dietrich and Howe",6636 Wayridge Center
"Lynch, Murphy and Gutkowski",6706 Hauk Place
Tremblay-Haag,21261 Fairfield Pass
Hettinger and Sons,0 Lighthouse Bay Park
Luettgen Group,8085 Amoth Crossing
Gibson Group,32 Rutledge Junction
"Spencer, Dach and Thiel",33180 Logan Point
Feest Inc,0 Rutledge Avenue
"Heaney, Lemke and Rutherford",09490 Spohn Park
Kihn LLC,45 Butternut Crossing
Prohaska Inc,50 Carioca Trail
"Hauck, McCullough and Raynor",4834 Sunbrook Terrace
"Grimes, Jacobi and Wiegand",0614 Pankratz Junction
Ritchie-Denesik,572 Meadow Ridge Trail
Breitenberg and Sons,0933 Grayhawk Avenue
Shields-Wolff,75188 Ronald Regan Trail
Ortiz LLC,82 Armistice Circle
"Wyman, Witting and Luettgen",84 Bluestem Lane
Emard-Schaden,62 Maryland Court
Goyette-Runolfsson,5883 Caliangt Point
"Dicki, Armstrong and Koelpin",25 Spenser Circle
Brekke Group,79776 Autumn Leaf Way
Veum Inc,12 Scott Center
Kohler-Howe,75 Esker Center
Kassulke LLC,7 Ronald Regan Alley
Kozey-Kutch,346 Hoepker Road
Luettgen LLC,21 Bellgrove Road
"Raynor, Stoltenberg and Brown",7 Burning Wood Trail
Satterfield LLC,798 Oak Valley Hill
Wuckert-Kozey,35316 Prentice Parkway
"Wiegand, Schinner and Collier",816 Jana Terrace
Bashirian-Hoeger,5 Hintze Pass
"Waters, Waters and Stoltenberg",0 Jana Road
Gibson Inc,639 Hazelcrest Terrace
Lowe-Franecki,687 Evergreen Hill
"Sporer, Ryan and McDermott",075 Larry Point
"Keeling, Kirlin and Mosciski",8 Moland Drive
Tromp Group,5 Milwaukee Court
Bailey-O'Kon,98877 Hauk Trail
Halvorson-Nader,71720 Luster Junction
"Johns, Harris and Sawayn",058 Northview Pass
"Toy, Rath and Schuppe",2 Monica Point
"Hodkiewicz, Waelchi and Kertzmann",6 Dawn Park
Lang-O'Conner,413 Portage Park
Leffler-O'Keefe,25 Main Junction
"Abbott, Haag and Kuhn",6 Lawn Place
"Cremin, Watsica and Corkery",66032 Nova Circle
Bradtke-Harvey,1 Eastlawn Terrace
"Padberg, Bayer and Dickinson",3892 Kropf Plaza
Bergnaum Inc,2841 Browning Road
Baumbach-Jerde,68469 Chive Crossing
"Klein, Runte and Hegmann",3 Pawling Drive
"Trantow, Deckow and Considine",853 Coolidge Hill
McGlynn-Batz,3 Crescent Oaks Circle
Renner-Beier,665 Vermont Drive
"Harvey, Hahn and Feest",04 Eagan Lane
"Hammes, Marvin and Kozey",3 Graceland Lane
Herzog-Langosh,671 Monument Point
Stanton-Boyer,0 Larry Terrace
Dickinson LLC,73047 Garrison Circle
Cummings-Ratke,840 Westport Center
"Crooks, O'Connell and Lebsack",29 Dakota Place
Walker-Steuber,923 Utah Road
Nikolaus Inc,31 3rd Junction
Larson Group,36895 Darwin Pass
"Crona, Stark and Wiza",4188 Clarendon Trail
Herzog-Walter,04 Annamark Road
"Kuhlman, Bergnaum and Kris",95 Texas Center
Leffler and Sons,94861 North Court
"Pacocha, Herman and Mante",4744 Butterfield Park
Hermiston-Spencer,237 Di Loreto Drive
Heller-Heaney,75664 Hoard Street
"Schiller, Breitenberg and Spinka",273 Scoville Way
Upton Group,770 Green Drive
Hauck Inc,77985 Superior Plaza
Quitzon-Buckridge,2 Straubel Junction
"Kessler, Mayer and Kilback",01212 Sommers Court
"Koch, Friesen and Kemmer",4 Rowland Alley
Fritsch Group,72452 Amoth Circle
Kuhic LLC,278 North Circle
Stracke Inc,57 David Point
"Nader, Haley and Bartoletti",3 Coolidge Point
"Stehr, Connelly and Maggio",69 Cascade Park
Wilkinson and Sons,9 Old Shore Circle
"Corwin, Heidenreich and Wiegand",857 Hooker Junction
"Stoltenberg, Jacobi and Thiel",522 Lyons Crossing
"Fay, Kilback and Walsh",62 Veith Circle
Schultz Group,719 Hansons Parkway
Torp-Hoeger,95 Arapahoe Avenue
"Kilback, Lakin and Quigley",31 Holy Cross Place
"Rau, Douglas and Boyer",415 Northridge Avenue
"Berge, Lakin and Lebsack",05743 Stuart Plaza
Glover Inc,0 Loomis Center
Shields-Hilpert,57924 Rieder Road
"O'Connell, O'Keefe and Koss",4385 Rockefeller Lane
Hagenes-Mayer,00215 Debs Way
"Marvin, VonRueden and Breitenberg",11 Monument Crossing
Walker-Daugherty,7380 Debs Crossing
Dooley-Tremblay,8496 8th Court
Dickens LLC,811 Beilfuss Avenue
"Hagenes, Steuber and Gottlieb",7 Burrows Plaza
Beahan Group,65974 Westend Way
"Fadel, Kirlin and Koepp",1411 Golf Road
Farrell-Nicolas,84512 Mallory Junction
Johnson Inc,99077 Warbler Alley
Grant LLC,9299 Brickson Park Pass
Hagenes and Sons,28017 Manitowish Place
Rohan LLC,93692 Springs Center
Bogisich-Crona,77968 Mandrake Crossing
"Greenfelder, Botsford and Carter",333 Novick Place
Tromp LLC,43361 Blaine Circle
Leannon-VonRueden,7 Spaight Crossing
"Luettgen, Lakin and Stiedemann",4846 Johnson Crossing
Reichert LLC,586 Havey Trail
"Tremblay, Ankunding and Hayes",59541 Corben Place
Mann and Sons,231 Kingsford Terrace
Pollich-Wunsch,237 Westerfield Street
Towne-Batz,8768 Hudson Crossing
"Denesik, Ondricka and Carroll",2809 Claremont Center
Greenholt-Waters,43881 Artisan Pass
Monahan-Leannon,2 Stang Junction
"Schneider, Kautzer and Kassulke",6 6th Park
Boyer-Lang,99 Stoughton Lane
"Torp, Douglas and Hilll",7 Commercial Park
"Hoppe, Lockman and Jones",96 Arizona Trail
"Kohler, Senger and Kub",195 Toban Circle
Lang Group,753 Myrtle Crossing
Wiegand-Crona,45395 Arapahoe Way
Barrows-Douglas,1 Westridge Hill
"Flatley, O'Keefe and Turner",90247 Independence Junction
Schultz-Hand,1515 Mitchell Avenue
Powlowski Group,129 Montana Junction
Gislason-Watsica,4429 Golf View Alley
Dibbert-Mante,9 Dottie Crossing
Sipes Group,17322 Towne Court
Larson Inc,86 Arkansas Pass
Aufderhar LLC,85168 Vahlen Junction
Witting-Koss,96 Moose Lane
Halvorson LLC,4 Hintze Parkway
Kovacek-Ratke,60 Brentwood Hill
Fay LLC,732 Crownhardt Terrace
"Davis, Hand and Simonis",79607 Bluejay Place
"Gerhold, Wisoky and Hirthe",8871 Ruskin Place
O'Conner-Huel,499 Washington Lane
"Davis, Fisher and Weissnat",93838 Dayton Park
Langworth-Considine,0741 Rowland Lane
Kling LLC,46 Jay Alley
Prosacco-Schmeler,23134 North Way
Rice-Kutch,91132 Toban Park
Monahan Group,253 Monterey Avenue
Boyle Inc,00794 Warrior Drive
Leuschke-Lemke,2685 Corscot Alley
Boehm Group,330 Ryan Circle
Legros and Sons,71 Esker Hill
"Murazik, McKenzie and Maggio",45661 Claremont Avenue
Krajcik Group,08656 Oak Terrace
Nienow-Christiansen,3 Golf Course Plaza
"Harvey, Sawayn and Watsica",6264 Chive Avenue
"Cormier, Okuneva and Koch",18871 Johnson Crossing
Braun Group,02 Waubesa Park
Treutel-Bogisich,36121 Vernon Circle
Hamill and Sons,239 Logan Pass
Green and Sons,89 Dwight Point
Lebsack-Stark,14026 Swallow Avenue
Johns LLC,406 Kenwood Alley
"Gleichner, Turcotte and Leffler",4209 Mayer Drive
Brekke-Corwin,2 Hansons Park
"Bernhard, Schaefer and Hammes",144 Brown Alley
Raynor-Donnelly,8 Gerald Court
"Blick, Nader and Mayer",782 Larry Trail
Fahey LLC,17427 Nelson Lane
Bins and Sons,03 Dennis Circle
Kemmer-Franecki,200 Harper Alley
Trantow-Pouros,3949 Esch Avenue
Murphy Inc,0 Artisan Hill
Carter-Kutch,35 Mesta Alley
Swift Group,19 Thackeray Pass
Deckow-Heller,2 Barby Trail
Walter LLC,3 Talmadge Court
Leannon-Gerhold,7 Melvin Terrace
Harvey and Sons,2 Manley Junction
Bogisich Group,0179 Jenifer Pass
Olson-Kunze,9196 Fuller Avenue
"Romaguera, Ullrich and Kunde",4011 Dryden Drive
Corwin-Klein,025 Sunfield Pass
Walker-Luettgen,545 Hagan Plaza
"Harvey, Batz and Hills",18 Morrow Lane
"Feil, O'Connell and Klocko",3306 Bowman Plaza
Hilpert LLC,2 Grim Circle
"Fritsch, Halvorson and Murazik",4985 Morning Place
Dickens LLC,0 Rutledge Lane
Jacobson and Sons,0788 Luster Hill
Kessler Inc,905 Porter Street
Nader-Metz,6 Sutteridge Park
Jones LLC,44 Ridgeview Street
"Simonis, Cruickshank and Steuber",40794 Dorton Trail
Friesen-Nikolaus,63 Prairie Rose Lane
Beer Inc,577 Hoepker Alley
Harris-Lubowitz,9 Stang Road
"Swaniawski, Will and Dietrich",4174 Westend Crossing
"Heaney, Kiehn and Schaefer",0 Iowa Circle
"Considine, O'Keefe and Bartell",8380 Tennessee Junction
Lakin-Smith,8202 Novick Way
"Blick, Pouros and Pagac",56 Pepper Wood Park
Treutel-Maggio,1 Harper Avenue
"Yost, Rempel and Greenfelder",9783 Goodland Crossing
"Ryan, Schaefer and Nienow",30366 Maple Circle
Mosciski Group,678 Ridge Oak Road
Blick LLC,3 Dexter Hill
Bahringer LLC,0807 Dapin Place
"Corkery, Rath and Kassulke",50825 Acker Street
"Ruecker, Mueller and Kertzmann",686 High Crossing Place
Hamill LLC,27653 Kensington Avenue
Stark Inc,9 Jenifer Park
Willms LLC,1 Esker Circle
Ankunding-Robel,89238 Monica Plaza
Cummings-Jaskolski,99272 Emmet Parkway
"Waelchi, Sanford and Rice",88 Waubesa Way
Armstrong-Brown,1 Packers Center
Emmerich-Grant,613 Dahle Court
Johnston-Homenick,360 Briar Crest Drive
Lockman-Goyette,026 Stone Corner Alley
Lakin Inc,6470 Summerview Circle
Botsford LLC,61 Gateway Terrace
Quigley-Hamill,4 Lighthouse Bay Terrace
Sanford LLC,51344 6th Park
Schulist-Armstrong,14486 Bluestem Drive
"Schultz, Krajcik and Labadie",34022 Nelson Pass
Sawayn-Daniel,33773 Bayside Avenue
"Mosciski, Maggio and Hilll",461 Burning Wood Drive
"Adams, Lowe and Littel",775 Lien Terrace
Dickinson and Sons,2460 Erie Lane
Hudson-Swift,14 Clemons Trail
Schroeder-Fay,5 Claremont Place
"Will, Yost and Stokes",2754 Starling Road
Franecki-Trantow,2 Mcbride Pass
Quigley-Ward,3 Summer Ridge Point
Berge and Sons,26 Mitchell Avenue
Upton-Jast,0858 Swallow Drive
Cruickshank-Schuppe,456 Calypso Street
Daugherty-Tillman,4624 Marquette Alley
Larson-Windler,56 Nova Lane
Kautzer-Berge,616 Dexter Park
"Bogan, Dach and Kemmer",93 Esch Park
Runolfsdottir-Mueller,0 Colorado Avenue
Stokes-Bailey,7 Rockefeller Parkway
Kiehn and Sons,8 Basil Trail
Reilly Group,259 Merchant Alley
Von-Gusikowski,244 Northwestern Way
"Wiza, Collier and Lowe",52 Kipling Hill
"Auer, Schaden and O'Reilly",7025 Fieldstone Way
Jacobson-Roob,3 Spohn Trail
Metz and Sons,39 Delaware Parkway
Schulist-Kutch,5 Talmadge Street
Herman Inc,0808 Victoria Lane
Rolfson Group,44519 Bobwhite Court
Kertzmann-Jones,1335 Portage Point
Strosin Inc,34 Clove Circle
"Kub, Corkery and Kilback",7525 Shoshone Crossing
"Gaylord, Leuschke and Wyman",188 Mendota Parkway
Kihn-Johnson,8583 Reinke Avenue
"Mayert, Mann and Schiller",823 Oak Hill
Pacocha-Barton,06 Tennessee Avenue
"Hickle, Wintheiser and Roob",3224 Amoth Road
Zboncak-Monahan,1 Ohio Parkway
Ward Inc,27626 Badeau Park
"Marquardt, Schamberger and Greenholt",554 Rutledge Alley
Bednar LLC,39882 Birchwood Trail
"Bogisich, Luettgen and Cruickshank",3633 Sachtjen Plaza
"Wintheiser, Zemlak and Gibson",9380 Jenifer Trail
"Hickle, Schowalter and Hahn",3 Transport Point
Haag-Homenick,487 Merry Circle
Zieme-Dicki,64 Brentwood Road
Paucek Group,926 Scott Street
Gerhold LLC,2635 Norway Maple Trail
"White, Daugherty and Parker",933 Hanson Junction
"Moore, Gerlach and Ebert",73288 Esker Park
Prosacco-Kohler,2912 Erie Trail
Renner Inc,1 Johnson Avenue
White LLC,43 Debs Alley
Hintz LLC,747 Dorton Trail
Morar-Wuckert,7656 Hanover Trail
Hessel-Wiegand,41 Orin Street
Hoeger Group,99 Vidon Place
Reichel-Crist,60158 Lotheville Circle
Ernser-Breitenberg,972 Golf View Junction
"Feeney, Emmerich and Rau",69357 Delaware Court
Hermann Inc,4731 Summer Ridge Court
"Robel, Smitham and Wiegand",8645 Sherman Street
Quigley Group,4 Marquette Crossing
Gleason Group,80274 Division Avenue
"Sawayn, Ernser and Tillman",8 Roth Terrace
"Hirthe, Lockman and Weissnat",2539 Stone Corner Court
Stiedemann and Sons,2438 Sutteridge Lane
"Batz, Jakubowski and Metz",1 Straubel Court
Kling and Sons,04 Fisk Avenue
"Ferry, Hagenes and Beer",60002 Warner Junction
Krajcik-Steuber,4719 Basil Street
Frami-Swift,00899 Algoma Court
"Koepp, Wehner and Auer",059 Old Gate Road
Kozey LLC,5 Corscot Place
Howell-Blanda,77 Kingsford Drive
Grimes and Sons,01668 Del Sol Avenue
"Cassin, Runte and Hettinger",19 Redwing Point
Toy-Gusikowski,3 Independence Junction
"Huel, Collins and Wunsch",3455 Alpine Junction
"Weissnat, Russel and Paucek",6657 Sutteridge Park
Jast-Donnelly,8 Esch Road
Marvin Inc,39538 2nd Point
Funk-Fadel,8035 Summer Ridge Plaza
"Schuster, Beahan and Langosh",670 Hudson Avenue
"DuBuque, Collier and Harber",805 Havey Point
Murray-Fisher,8 2nd Terrace
Labadie Inc,73528 Ridgeview Alley
Ruecker and Sons,943 Haas Trail
"Walter, Kutch and Rau",525 Mcbride Crossing
"Smith, Kuhlman and Robel",592 Muir Hill
Brekke-Hermann,750 Mockingbird Trail
Doyle-Satterfield,27 Old Shore Court
Mueller Inc,78642 Northland Way
Kassulke Group,5 Portage Alley
"West, Crooks and Hilpert",452 Pankratz Drive
