restaurant,user,split,time
Ferry-Gleason,Hatti Westnage,false,3/5/2022
Klocko LLC,Lexie Fley,false,4/2/2022
Braun Group,Jermaine Burgwin,true,3/22/2022
Schaden-Borer,Aggi Creasy,false,7/25/2021
Haag-Schowalter,Reilly Pearlman,false,1/31/2022
"Murphy, Simonis and Greenholt",Cordelia Corbould,false,8/24/2021
Langosh LLC,Lauri Weiser,true,8/18/2021
Jenkins-Kozey,Denna Aitcheson,false,10/19/2021
Dach-Berge,Jemimah Sember,false,4/15/2021
"Waelchi, Hills and Sipes",Dorette Rickford,false,4/2/2022
Brakus-Muller,Barb Micheu,false,10/2/2021
Heidenreich-Sauer,Nat Badby,false,8/12/2021
Heathcote and Sons,Orlan Delmonti,false,2/2/2022
"Jacobs, Abernathy and Wehner",Louisa Dederick,false,11/12/2021
"O'Conner, Waters and Franecki",Stafford Vinden,false,9/23/2021
Wilderman LLC,Schuyler Santen,false,5/19/2021
"Hartmann, Hyatt and Wyman",Harrison Dyter,true,7/31/2021
"Nader, Kunde and Abbott",Ivory Rome,true,7/8/2021
Pfannerstill-Langosh,Dill Cubberley,false,7/25/2021
Balistreri-Roob,Rad Teanby,true,12/17/2021
"Klocko, Crist and Murray",Etan Wehden,false,8/21/2021
Haley-Kub,Sigfrid Giannasi,true,5/28/2021
King-Mosciski,Portie Kilfeather,false,9/28/2021
"Feeney, Johnson and Swift",Ginny Waud,true,2/21/2022
Erdman-Bashirian,Olag Swayland,true,2/14/2022
Lang Inc,Keslie Wrigley,false,12/7/2021
"Johnston, Mitchell and Emard",Kip Shrawley,true,8/27/2021
Dickinson LLC,Hagan Hacun,false,6/2/2021
Zieme-Roob,Marchelle Boote,true,7/24/2021
"Swaniawski, Vandervort and Lesch",Kimberli Le Breton De La Vieuville,false,4/2/2022
Bartell-Ernser,Blakeley Durbin,true,5/10/2021
Johnson Inc,Martha Eatherton,false,10/31/2021
"Connelly, Bechtelar and Schmitt",Nil Honnan,true,5/7/2021
Schinner Group,Mikael Thornbarrow,true,6/3/2021
Walter and Sons,Trip Van T'Hoog,false,11/20/2021
"Murazik, Volkman and Keebler",Sunshine Baigrie,true,6/4/2021
Corkery-Hilll,Den Capper,true,11/25/2021
Schamberger-Zboncak,Jannelle Springate,false,3/8/2022
"Batz, Rodriguez and Marquardt",Charmian Piele,true,5/24/2021
Keeling Group,Jaynell Elner,true,6/15/2021
"Armstrong, Turner and Williamson",Lorrin Stellin,true,2/3/2022
Bode LLC,Elvis Mallabon,false,3/30/2022
"Hegmann, Christiansen and Collier",Garvin Worsom,true,5/12/2021
"Hegmann, Smitham and Roberts",Michale Spencley,true,10/29/2021
Greenfelder and Sons,Katya Dilon,false,3/19/2022
Bosco Group,Georgeta Scaice,false,10/10/2021
Thompson and Sons,Anallese Khoter,true,8/28/2021
Ritchie-Kunze,My Spackman,false,7/25/2021
"Lowe, Zemlak and Konopelski",Hamel Brewitt,true,1/2/2022
Feil Inc,Byron Behagg,true,8/9/2021
Koss Group,Alli Schutter,false,12/5/2021
Buckridge and Sons,Fan Lilian,false,1/25/2022
Moen-Block,Desirae McCormick,true,6/11/2021
"Cummings, Lueilwitz and Walsh",Keely Chatin,false,5/20/2021
"Lueilwitz, Schuppe and Tillman",Celisse Evenden,false,9/11/2021
Bartoletti and Sons,Nathanael Barnish,false,12/12/2021
Kirlin-Reinger,Gran Vlasyev,false,2/13/2022
Larson-Cassin,Myrle Bachelar,true,6/11/2021
"Wolff, Denesik and Glover",Ivor Pate,true,3/20/2022
Kulas-Wolff,Auberta Sherston,true,7/12/2021
"Bernhard, Gutmann and Grant",Andree Will,false,7/15/2021
McLaughlin-Kutch,Lyman Placido,false,3/24/2022
"Wilkinson, Haley and Morar",Ira Ceaser,true,8/27/2021
Lemke-Watsica,Barbara-anne Ellins,false,1/28/2022
Mills Group,Daffy Foyston,false,6/29/2021
Hirthe-Pouros,Natividad Barnicott,false,1/30/2022
Rippin-Prohaska,Cazzie Bowmer,true,9/7/2021
"Kreiger, Terry and Bailey",Kevyn Speak,false,3/27/2022
Koelpin and Sons,Ambros Sharrock,true,10/2/2021
"Kuhn, Halvorson and Krajcik",Malynda Havercroft,false,5/17/2021
"Gleason, Casper and Bernier",Sigismond Deverose,true,7/7/2021
"Jenkins, Toy and Hane",Berke O'Finan,true,9/3/2021
"Wisozk, Gleichner and Heller",Will O'Heffernan,false,3/8/2022
Huels LLC,Merrel Cray,false,10/4/2021
Hayes-Huel,Fionna Gillmore,false,2/16/2022
Kris-Brakus,Farlee Spaughton,false,8/18/2021
"Bradtke, Glover and Schmitt",Helsa Bolsteridge,false,11/23/2021
Morissette Group,Vladamir Rushbrook,true,10/31/2021
Nikolaus-Gusikowski,Pansy Rowlstone,false,3/4/2022
Wisozk-Reinger,Lucita Beiderbecke,false,5/18/2021
Hammes and Sons,Cordy Minghella,true,12/20/2021
Wisozk-Turner,Carolee Ifill,true,1/30/2022
Mueller-Jerde,Leonore Arundel,false,3/5/2022
Nitzsche Group,Meier Glaisner,false,12/15/2021
Monahan LLC,Lynnea Hindmore,true,7/22/2021
"Murazik, Nader and Torp",Wildon Laise,false,2/21/2022
"Satterfield, Gislason and Roberts",Courtnay Bellefonte,true,10/18/2021
Corwin Inc,Ailbert McArte,true,6/4/2021
Davis-Tromp,Danella Sherman,true,12/20/2021
Friesen-Kuhic,Palm Jennins,true,6/11/2021
"Schmitt, O'Conner and Ondricka",Shelagh Orpin,false,4/4/2022
Kohler Inc,Kelsi Laverenz,true,3/14/2022
Stracke LLC,Hilliard Casbolt,false,11/8/2021
"Lubowitz, O'Reilly and Botsford",Lena MacNeely,true,6/10/2021
"Rohan, Leannon and Bradtke",Faulkner Aldis,false,12/24/2021
Howell-Stroman,Arvie MacGinley,false,5/15/2021
Koss Group,Dinah Fontelles,true,7/11/2021
"Hilpert, Carroll and Green",Caresa Di Franceshci,false,12/7/2021
Walker LLC,Helenelizabeth Rassmann,true,11/28/2021
"Sporer, Mann and Wintheiser",Hildy Mulgrew,true,3/28/2022
Trantow LLC,Beale Coils,true,3/17/2022
"Douglas, Cummerata and Gutkowski",Vidovik Repper,true,9/7/2021
Nikolaus-Walker,Erwin Lindsley,true,4/1/2022
"Buckridge, Medhurst and Bruen",Lidia Szymanski,false,11/22/2021
"Bashirian, Nicolas and Schamberger",Philipa Boddie,true,2/16/2022
"Hamill, Haag and Treutel",Gordon Eliesco,true,3/29/2022
"Bode, Conn and Corwin",Jessee Upchurch,true,6/29/2021
VonRueden-Daniel,Herbie Schohier,true,7/19/2021
"Jaskolski, Yost and Braun",Kinsley Cornock,false,6/10/2021
Lueilwitz LLC,Gaven Kleynen,true,8/9/2021
"Pfannerstill, Grimes and Brekke",Eldin Drabble,false,12/9/2021
Conroy Group,Madonna Shepperd,false,10/31/2021
Larkin-Johns,Melantha Mapletoft,true,2/1/2022
Gorczany-McClure,Erny Chitter,false,7/9/2021
Crist-Christiansen,Clara Silveston,true,1/3/2022
Haag-Kuphal,Stephi Canham,true,1/22/2022
"Stiedemann, Lakin and Armstrong",Karmen Mangenet,false,10/14/2021
Klocko-Rutherford,Tobit Keppy,true,10/4/2021
Doyle-VonRueden,Hi Ruoss,false,6/27/2021
Dickinson-Nicolas,Paula Glencrosche,true,1/13/2022
"Okuneva, Feest and Corkery",Kaja Chattoe,false,2/6/2022
Shields LLC,Willow Arlow,true,12/13/2021
"Hodkiewicz, Weber and Cremin",Onofredo Mattia,false,1/29/2022
Olson and Sons,Leo Nystrom,true,8/23/2021
O'Reilly Group,Melli Rops,false,11/18/2021
Sanford Inc,Lezlie Alesin,false,2/18/2022
"Friesen, Schimmel and Haley",Kendre Dawley,false,10/17/2021
King-Conroy,Cammy Bolsover,true,12/15/2021
Kassulke LLC,Zitella Gaw,false,7/29/2021
Hauck and Sons,Cindie Haydon,true,4/14/2021
"Bednar, Dickens and Hegmann",Reilly Halewood,false,5/12/2021
"Huels, Pouros and Abshire",Tiff Lomasney,false,7/7/2021
"Bashirian, Sanford and Macejkovic",Rianon Bearsmore,false,7/15/2021
Reilly Inc,Ev Bernadot,true,11/3/2021
Carroll-Kirlin,Berget Boothe,false,7/29/2021
"McLaughlin, Moen and Barton",Michel Brade,false,2/11/2022
"Cole, Feil and O'Kon",Ranice Barratt,true,4/25/2021
Bednar-Schamberger,Chane Sarll,false,4/12/2021
"Stokes, Fadel and Cremin",Alfons Broom,true,6/5/2021
"Crona, Cremin and Lynch",Thornton Granleese,true,2/7/2022
Daugherty-Kshlerin,Gib Blincow,false,5/30/2021
"Durgan, Douglas and Schaefer",Tiffany Atwel,false,6/22/2021
Mertz LLC,Elmore Stickel,false,12/1/2021
Kemmer LLC,Alyssa Gilyatt,true,5/31/2021
"Goldner, Howell and Strosin",Alick Cristobal,false,2/4/2022
Huel-O'Hara,Neilla Nys,true,8/31/2021
Schulist-Padberg,Arlette Wethers,false,8/20/2021
Powlowski Inc,Jeanna Bellam,true,12/13/2021
"Conroy, Klocko and O'Keefe",Diena Varey,false,7/9/2021
"Stokes, Zulauf and Wehner",Ann Thame,false,3/21/2022
Brakus-Jones,Sadella Abramzon,false,5/4/2021
"Hayes, O'Reilly and Bogan",Marijn Lawday,false,6/8/2021
Zieme-Kemmer,Pearl Meriot,true,6/25/2021
Huels-Weimann,Gaston Lacrouts,false,8/23/2021
"Batz, Friesen and Streich",Rosaleen Greeveson,false,4/22/2021
Rolfson Group,Jock Rennebeck,true,9/2/2021
"Parisian, Goodwin and Durgan",Alick Elce,false,11/28/2021
Mayert Group,Rice Boij,false,1/25/2022
"Robel, Hamill and Trantow",Jaquelin McFall,true,2/10/2022
Wunsch-Labadie,Leonore Shorthill,false,8/25/2021
"Hartmann, Terry and Heaney",Leon Ellif,true,5/8/2021
"Christiansen, Harber and Waters",Bernetta Di Dello,false,7/30/2021
Jerde Inc,Margarete Joscelin,false,3/19/2022
Bruen-Reichel,Arlie Gilli,true,11/20/2021
"Nolan, Harvey and Muller",Mariana Husthwaite,true,3/18/2022
Gleichner-McCullough,Walt Estabrook,true,5/18/2021
Kassulke LLC,Dani Mardee,true,7/21/2021
Friesen and Sons,Standford Rudledge,false,12/11/2021
"Kling, Hills and Macejkovic",Carry Swanger,false,9/3/2021
Russel and Sons,Madelena Covert,false,12/20/2021
"Cole, Cassin and Nolan",Dal Fredson,true,12/20/2021
"Satterfield, Hagenes and Schmitt",Meghann Prettyman,false,2/7/2022
DuBuque and Sons,Norene Andrich,true,1/27/2022
Daniel-Towne,Carly Bertelmot,true,7/1/2021
Hodkiewicz Inc,Lu Brisson,true,9/9/2021
Abbott-Murphy,Carlee Bear,false,9/1/2021
King LLC,Lorette Bourtoumieux,true,12/27/2021
"Champlin, Kris and Kerluke",Jethro Lilleyman,true,8/20/2021
"Sipes, Greenfelder and Hills",Gawen Pelz,false,11/24/2021
Toy and Sons,Trisha Hargie,false,9/15/2021
Boehm LLC,Antonino Skilbeck,true,3/4/2022
Ledner-Batz,Emanuele Braker,true,7/27/2021
"Ankunding, Berge and Kautzer",Iolande Orange,false,6/29/2021
"Schiller, Kris and Dicki",Brannon Olford,true,6/17/2021
Keeling-Friesen,Siffre Sharer,false,11/12/2021
"Leuschke, Bogisich and Gleason",Farah McClounan,true,11/3/2021
Boyer Inc,Boote Rickeard,false,1/4/2022
Douglas LLC,Jarib Vassel,true,6/21/2021
Ziemann-Sanford,Gustavus Ubsdall,true,3/2/2022
Grant LLC,Keenan Grog,false,11/1/2021
"Zemlak, Langosh and Champlin",Rubie Girardet,true,8/1/2021
"Buckridge, Mueller and Moen",Lonny Guillem,false,11/17/2021
"Heller, Lueilwitz and Volkman",Niki Tomaello,true,1/13/2022
"Keeling, Borer and Bode",Ryley Hoopper,false,6/12/2021
Feest-O'Reilly,Ephrem Jovicevic,false,10/19/2021
Stokes LLC,Roseanne Belden,true,12/4/2021
"Mohr, Ritchie and Cronin",Stavro Ferrer,true,4/3/2022
Simonis Group,Michaeline Goaks,false,5/26/2021
Terry Inc,Manfred Trusdale,true,6/26/2021
Anderson Inc,Garth Accum,false,9/5/2021
Ullrich-Spinka,Filberte Boles,true,1/12/2022
Barton LLC,Dareen Cardoe,false,8/2/2021
Haag-Kilback,Zackariah Richarson,true,4/26/2021
Smith and Sons,Jarad Hesse,true,3/1/2022
"Walsh, Gerlach and Hermiston",Gay Dumbrill,false,11/12/2021
Koss Group,Barris Andrault,true,10/11/2021
Wuckert-Legros,Jemmie Livock,true,1/2/2022
"Mayert, Goyette and Sawayn",Jenine Brimacombe,true,1/17/2022
Ruecker Group,Aimee Tumbelty,true,9/25/2021
Kuvalis and Sons,Bethina Prue,false,1/6/2022
Corkery and Sons,Cristionna Cantrill,true,10/12/2021
Zemlak-Gusikowski,Casandra Ivery,true,9/19/2021
"Ortiz, Langosh and Lemke",Donny Simecek,true,10/13/2021
"Kreiger, Marvin and Bradtke",Oran Godsil,true,2/20/2022
Parker-Sauer,Nicolais Kolushev,true,10/23/2021
Heaney Group,Floria Dudbridge,true,2/25/2022
Anderson-Gleichner,Saree Simeon,true,11/1/2021
"Erdman, Raynor and Hartmann",Fiorenze Sawers,true,7/20/2021
Hansen-Cummings,Johan Swett,false,7/29/2021
McGlynn-Simonis,Chase Skudder,false,11/18/2021
Fahey-Willms,Fulton Rodgier,false,1/29/2022
Reichel and Sons,Armand Cadwell,true,2/13/2022
"Kemmer, DuBuque and Mohr",Marietta Iredale,false,6/1/2021
Langosh LLC,Lucky Child,false,6/21/2021
Watsica-Champlin,Cordie Ormrod,false,12/19/2021
Treutel Inc,Skye Lorentzen,true,7/14/2021
Corkery Group,Symon Reihill,true,12/29/2021
Dach-Hayes,Godart Macvain,false,2/11/2022
Koch-Kreiger,Ranice Novelli,false,4/26/2021
Hettinger LLC,Edgar Gianneschi,false,10/9/2021
Gerhold LLC,Persis Rustidge,true,2/14/2022
"Thiel, Kassulke and Lockman",Chip Van der Kruijs,false,3/14/2022
Ruecker LLC,Horst Lorey,false,4/18/2021
"Sipes, Hilpert and Steuber",Adiana Barke,false,5/21/2021
Lowe-Koelpin,Emelda Bilovus,false,2/4/2022
"Murazik, McCullough and Carroll",Fitz Bradmore,true,4/4/2022
"Fahey, Schoen and Hoeger",Ailene Manis,false,7/12/2021
Kerluke Inc,Filippo Gjerde,true,1/21/2022
Feeney and Sons,Livvy Masterman,true,12/31/2021
Volkman-Hermann,Burke Philler,false,12/17/2021
Johnson-Bashirian,Sergeant Kristof,true,7/12/2021
Murazik Group,Corabelle Braunroth,true,9/28/2021
"Schaefer, Wolff and Miller",Luciano Bester,true,3/7/2022
Russel-Mohr,Gray Apdell,true,7/6/2021
Kilback LLC,Aurilia Dorling,true,1/4/2022
Weimann Group,Hammad MacCallester,true,5/15/2021
Sipes Group,Weber Borrows,false,10/17/2021
Auer-Becker,Colleen Giovannardi,false,5/17/2021
Murphy LLC,Brigit Shipperbottom,false,6/16/2021
Lynch-Mosciski,Rodd Prigmore,false,3/2/2022
"Fadel, Zemlak and Stamm",Hally Squire,true,1/4/2022
Cruickshank LLC,Ainslee Geindre,false,11/19/2021
Waters Group,Sal Carey,true,3/4/2022
"Weimann, Nitzsche and Bartoletti",Roxie Dominick,false,7/18/2021
Quitzon-Cremin,Lisetta Jefferd,false,1/5/2022
Leannon LLC,Chrisse Mountstephen,true,4/25/2021
Christiansen-Heidenreich,Laurice Foxten,false,1/19/2022
Marquardt-Toy,Meris Weyman,true,3/26/2022
Oberbrunner-Larson,Joanne Calender,false,12/16/2021
"Gorczany, Morissette and Johnson",Cristionna Lackner,false,10/22/2021
"Kertzmann, Windler and Tromp",Una Zealy,false,2/9/2022
Ziemann LLC,Drugi Sellner,true,8/20/2021
"Hickle, Dach and Johnson",Ashley Bartolomieu,false,2/8/2022
"Hayes, Rosenbaum and Schoen",Kailey Smaleman,false,9/29/2021
Conroy Inc,Melloney Zanassi,true,9/15/2021
"Zemlak, Balistreri and Sipes",Consuela Grossier,true,8/14/2021
"Mayert, Schaefer and Murphy",Iona Szwandt,false,9/28/2021
O'Connell-Donnelly,Patrizio Faulds,true,3/3/2022
Marquardt Group,Salomone Van Velde,false,3/30/2022
"Herzog, Hickle and Leannon",Reese Wraxall,false,7/3/2021
Ankunding LLC,Mozelle McGirr,false,1/13/2022
Hintz LLC,Carita Snowball,true,4/1/2022
Buckridge-Schaefer,Toby Mattinson,true,11/9/2021
"Lynch, Hoeger and Considine",Lay Bellinger,true,12/31/2021
Nikolaus LLC,Pippy Londer,true,8/24/2021
Braun-Murray,Lesya Newvill,true,12/31/2021
"Funk, Pacocha and Lueilwitz",Chantalle Steeples,false,7/4/2021
Skiles-Mertz,Kiah Paridge,true,8/31/2021
"Renner, Brown and Sawayn",Lorilee Meharry,false,7/12/2021
"Schoen, Labadie and Hermann",Ashlan Peatt,false,7/2/2021
"Waelchi, Weimann and Hamill",Tansy Vyvyan,true,2/11/2022
"Will, Price and Bartoletti",Britt O'Doherty,false,1/11/2022
"Kuphal, Wuckert and Runolfsson",Izaak Pennings,true,5/3/2021
Mosciski-Cruickshank,Mei Boulstridge,true,10/5/2021
Hackett Group,Zolly Wrey,false,3/17/2022
Gerlach and Sons,Ric Iacopini,false,8/9/2021
Schneider-Hills,Jeremias Okroy,true,12/20/2021
"Schuster, Sawayn and Labadie",Keen Galpen,false,6/28/2021
"Watsica, Cummings and Schuster",Had Casson,false,5/3/2021
Dibbert and Sons,Betsy Coltan,true,8/28/2021
"Vandervort, Crona and Upton",Marleen Cleverly,false,2/19/2022
Schmitt Group,Dorene Deere,false,5/7/2021
Ortiz Inc,Philly Westphalen,true,8/22/2021
Bernhard-Wintheiser,Donetta Chimes,true,7/14/2021
"Reinger, Zboncak and Kihn",Dora Yeowell,false,6/19/2021
"Walter, Senger and Labadie",Aldous Killcross,false,8/28/2021
Walsh Inc,Annmarie Godsmark,true,3/31/2022
"Rodriguez, Emmerich and Mitchell",Linus Tallent,true,10/18/2021
"Wuckert, Johnson and Hartmann",Loy Thorbon,true,3/22/2022
Feil-Ondricka,Robby Cuxon,false,11/17/2021
Wilkinson LLC,Marna Dadds,false,6/12/2021
Ebert-Hessel,Sella Dunge,true,2/2/2022
Stark-Moore,Erskine Shurrocks,false,5/18/2021
"O'Hara, Reinger and Grady",Skipp Lodevick,true,11/22/2021
Treutel and Sons,Jdavie Brilon,false,10/9/2021
"Parker, Davis and Cartwright",Babbette Teffrey,true,10/22/2021
Auer and Sons,Webb Jannaway,false,3/16/2022
Rolfson LLC,Ernestine Flade,false,7/17/2021
Prosacco-Kulas,Curr Traske,false,2/24/2022
"Beatty, Daniel and Kling",Kristien Edgecombe,false,11/24/2021
Leannon-Gislason,Jillana Wooff,true,11/2/2021
Barton-Konopelski,Fredericka Van Rembrandt,true,8/8/2021
Osinski LLC,Seline Andreu,true,9/1/2021
DuBuque-Rohan,Elayne Hinemoor,true,11/25/2021
"Hamill, Block and Larkin",Addy Dubarry,false,9/12/2021
Bashirian LLC,Mona Ismirnioglou,false,6/18/2021
Pfannerstill LLC,Erek Curnow,true,4/1/2022
Weber and Sons,Carlen Baford,true,7/28/2021
Stehr Group,Caresse Delouch,false,5/9/2021
Roberts LLC,Shem Westby,true,3/26/2022
Shields-Toy,Aubrette Abramino,false,1/5/2022
Hirthe LLC,Estella Gribble,false,4/6/2021
"Von, Muller and O'Connell",Vallie Keepe,true,11/27/2021
"Howe, Kihn and Connelly",Barron Hanhardt,true,10/25/2021
Kutch and Sons,Velma Kobelt,true,4/24/2021
Wehner-Murray,Nate Cecely,true,7/22/2021
Smitham-Wunsch,Trevor MacGovern,false,2/10/2022
Pfeffer and Sons,Fons McWard,true,3/12/2022
Smitham LLC,Haley Sherwood,true,3/28/2022
"Schmitt, Johnson and Durgan",Julissa Cawthera,false,2/4/2022
Mitchell Group,Jolynn Ratcliffe,true,2/6/2022
"Hamill, Waelchi and Braun",Tarrah Prestner,true,3/24/2022
Flatley-Hoeger,Guy Moulson,true,4/22/2021
Stokes Inc,Matilda Meehan,false,5/23/2021
"Dicki, Gorczany and Farrell",Fee Tunniclisse,true,1/9/2022
Ward-Harber,Aldus Flather,true,1/26/2022
"Wintheiser, King and Waters",Dominga Cardozo,false,9/6/2021
DuBuque Group,Marion McGragh,false,1/17/2022
Kessler-Bosco,Chevy Yaakov,true,6/20/2021
"Cassin, Shields and Kuvalis",Caroljean Ridolfi,false,6/30/2021
Mayer LLC,Scotty Tregoning,true,8/5/2021
Bechtelar Inc,Tommie Crady,false,9/21/2021
Smith-Bernier,Leticia Whitehouse,false,10/31/2021
Padberg Group,Constancy Stanyland,true,8/1/2021
"Barton, Jenkins and Batz",Lion Chaucer,false,12/24/2021
"Littel, Prohaska and Runolfsson",Manya Sackes,true,8/21/2021
Paucek-Stokes,Heriberto Berends,false,11/9/2021
Blick-Koss,Leoline Burnham,true,6/9/2021
Raynor and Sons,Phylys Carden,false,11/3/2021
Marquardt-Lynch,Lucho Camacho,true,1/10/2022
Konopelski-Hettinger,Boniface Volage,true,12/14/2021
"Jacobson, Rogahn and Fahey",Brocky Stredwick,true,11/21/2021
Swift-Ebert,Louie Stockle,false,12/5/2021
Kub Group,Frank Coffey,true,12/2/2021
McLaughlin-Kuhlman,Dominique Wauchope,false,11/1/2021
"Rice, Harvey and Miller",Allys Speck,true,6/19/2021
Ziemann-Johnson,Gaylene Lambirth,false,1/19/2022
Carroll LLC,Ernesta Cabral,false,1/7/2022
Kunze Inc,Mordecai Mattecot,true,10/25/2021
Hudson-Bruen,Oswell Kupka,false,3/22/2022
Rodriguez-Erdman,Ede Fladgate,false,9/16/2021
Schiller-Fisher,Siouxie Wissbey,false,10/4/2021
"Hackett, Pagac and Gibson",Jessa McInerney,false,5/30/2021
Weber LLC,Lianna Baggally,false,6/19/2021
Bernhard-Vandervort,Skip Naisbitt,true,1/13/2022
Medhurst LLC,Marcy Morehall,true,11/8/2021
"Strosin, Gottlieb and Roberts",Waneta Bourges,false,1/24/2022
Osinski-Huels,Roy Leband,true,2/4/2022
Lindgren and Sons,Ferris Heibel,true,3/3/2022
"Bogisich, Roberts and Blick",Collete Seston,false,6/18/2021
Grimes Inc,Dionysus Tapson,false,11/22/2021
"Reichel, Bartell and Rice",Cecilia Attreed,true,3/27/2022
Stroman-Batz,Kane Jersh,true,4/5/2022
Leuschke-Howe,Regan Pitcaithly,false,11/29/2021
Torphy LLC,Guenevere Threadgill,true,2/24/2022
Schinner-Gutkowski,Lazaro Di Boldi,true,4/30/2021
"Effertz, Braun and Sipes",Cristen Mossom,false,11/15/2021
"Klein, O'Keefe and Swift",Floyd Keat,false,11/26/2021
"Gibson, Anderson and Sporer",Beckie Karlolak,false,11/9/2021
"Dibbert, Lowe and Ebert",Pepito Wartonby,false,4/10/2021
Harber Inc,Niccolo Jarrelt,true,8/12/2021
Sawayn-McGlynn,Prent Plevin,true,9/18/2021
Jacobs-Thiel,Charlena Brunsden,true,7/13/2021
Johns-Bashirian,Ignatius Brahan,false,1/15/2022
Johnston Group,Frederigo Robertis,false,11/20/2021
Gusikowski LLC,Shelagh Jatczak,true,10/8/2021
Bins and Sons,Darya Thomason,true,3/3/2022
"Moore, Will and Feeney",Tull Birts,false,4/23/2021
Howell and Sons,Rhea Matula,true,3/29/2022
Streich-Abernathy,Cybill Doogue,true,1/7/2022
"Robel, Hartmann and Hagenes",Teddy Mole,false,11/2/2021
"Hodkiewicz, Sawayn and McCullough",Brinna Giddings,true,5/5/2021
McClure-Mueller,Gleda Rustedge,true,11/23/2021
Ruecker and Sons,Hildegarde Jain,true,9/29/2021
Becker Group,Eda Seakings,false,3/3/2022
"Schaefer, Sporer and Langworth",Mair Bradburn,false,8/18/2021
Kozey and Sons,Maud Showell,false,2/8/2022
Mitchell and Sons,Leonhard Klosser,false,1/10/2022
Paucek Inc,Zollie Ravenshaw,true,7/2/2021
"Pouros, Boyle and D'Amore",Waylin Barthorpe,true,10/30/2021
Schamberger LLC,Walden Moggach,false,8/9/2021
Orn and Sons,Farlay Pollak,false,5/18/2021
Yost Inc,Cooper Hubane,false,8/24/2021
Ebert-Labadie,Adlai Meineck,false,8/11/2021
Russel-Sipes,Collie Marmyon,false,1/20/2022
Bailey-McGlynn,Jonah Duke,true,2/25/2022
Klocko and Sons,Maribeth Knok,true,8/10/2021
"Grady, Roob and Kunze",Kristi Marchetti,true,2/2/2022
Stehr Inc,Sidonnie Forst,true,6/7/2021
"Bartoletti, Hodkiewicz and Towne",Sheelah Reckless,true,8/18/2021
McLaughlin-Morar,Aleece Hawkwood,true,1/28/2022
Carroll-Hudson,Rhys MacElholm,false,5/4/2021
Mraz-Huels,Teodoro Koba,true,6/10/2021
Mueller-Rogahn,Rhett Croasdale,false,7/24/2021
"Botsford, Koelpin and Shields",Spencer Burbank,true,5/10/2021
O'Conner-Heaney,Gordan Smiz,false,2/11/2022
"Aufderhar, Bergnaum and Stracke",Clayborn Clout,true,4/19/2021
Bogisich and Sons,Andrei Toping,false,10/14/2021
Schmitt-Will,Dorry Folland,true,3/25/2022
"Feil, Donnelly and Beatty",Avis Glaisner,true,8/30/2021
Ruecker-Hammes,Lenette Rigler,false,6/29/2021
"Yundt, Hartmann and Daugherty",Shell Cahen,false,5/1/2021
Ledner Inc,Sheryl Shortt,true,9/15/2021
D'Amore-Prohaska,Starlin Sydry,true,10/28/2021
Mosciski-DuBuque,Sterne Eddington,true,2/12/2022
Heathcote-Purdy,Ashbey Cockshut,true,6/30/2021
Hettinger-Medhurst,Agustin Reid,false,9/6/2021
"Reynolds, Schamberger and Pfannerstill",Tiffanie Rolley,false,9/13/2021
Tromp-Gutmann,Kendall Barkess,false,6/10/2021
Huels-Stamm,Samson Pond,true,6/3/2021
"Hilll, Mante and Bergstrom",Mar Billson,true,11/12/2021
Hudson LLC,Masha Colly,true,11/15/2021
"Steuber, Hagenes and Muller",Yalonda Muston,true,2/13/2022
"Hills, Collier and Zulauf",Freemon Buche,true,6/25/2021
Schneider and Sons,Tally Critten,true,6/22/2021
Kub-McGlynn,Andeee Pilger,true,1/2/2022
"Beier, Goodwin and Pagac",Lowe Skunes,true,2/25/2022
Cole Group,Kaela Dedenham,true,12/2/2021
Moen Inc,Celestine Itzkovwich,true,9/14/2021
Welch-Volkman,Celestyna Hamber,true,7/14/2021
Green-Grady,Ash Anthoin,false,4/1/2022
"Lehner, Frami and Sauer",Jeffry Whight,true,9/24/2021
"Zboncak, Stamm and Moore",Leandra Cubbit,false,9/21/2021
Spencer and Sons,Lars Esselin,false,8/6/2021
Mertz LLC,Jen Scrimshire,true,7/28/2021
Rutherford-Kris,Royal Lucio,true,1/10/2022
Hane-Kessler,Michaela Jozwik,true,10/21/2021
"O'Hara, Goodwin and Goyette",Brannon Shave,false,1/15/2022
"Reilly, Kreiger and Wisozk",Hadley Damp,true,9/15/2021
Metz-Jacobi,Elden Logg,false,3/12/2022
"Hammes, Koepp and Walter",Linus Metheringham,false,7/26/2021
Bogan-Mueller,Prissie Considine,false,1/6/2022
"Heathcote, Schoen and Krajcik",Trenton Thoumasson,true,8/27/2021
Walker-Lesch,Matias Maes,false,11/15/2021
Doyle-Christiansen,Jobey Creech,true,11/5/2021
Rodriguez-Hilll,Miquela Laborda,true,9/11/2021
Rath-Wuckert,Davidson Gooderridge,false,6/13/2021
Purdy-Bednar,Gianna Dickens,true,6/26/2021
Robel-Daugherty,Collete Lownie,false,6/3/2021
"Donnelly, Williamson and Ernser",Rudyard Rains,true,4/25/2021
Rosenbaum Inc,Pincas Kubek,true,9/21/2021
"Lakin, Auer and Crona",Kassandra Stothart,false,7/27/2021
"Schimmel, Zboncak and Thompson",Randa Primett,false,6/3/2021
Feeney LLC,Klara Pepon,false,9/14/2021
"Bergstrom, Hills and Gaylord",Lutero Sumbler,false,9/30/2021
Yost-Cronin,Kalvin Guillot,false,4/17/2021
"Rutherford, Bauch and Feest",Zita Grassett,true,11/26/2021
Runolfsdottir LLC,Levy Scarborough,false,8/22/2021
Terry-Robel,Tabatha Bleyman,false,8/4/2021
"Feil, Lynch and Will",Merill Lassetter,false,5/6/2021
Walsh Group,Ettie Reinbeck,true,5/28/2021
Anderson-Hansen,Court Leithgoe,true,7/18/2021
"Jakubowski, Kris and Tillman",Isaak Limeburn,false,9/14/2021
Kihn LLC,Alice Braidley,true,5/12/2021
Bins-Ankunding,Bronnie Lillegard,true,4/27/2021
"Hauck, Corkery and Huel",Innis Brotherhed,false,5/6/2021
Kshlerin and Sons,Madalyn Craddy,true,1/27/2022
Ritchie-Harvey,Bink Dmitrievski,true,12/1/2021
Orn Inc,Luci Colliar,false,8/3/2021
"Stroman, Skiles and McKenzie",Dulciana Getty,true,10/5/2021
"Beier, McKenzie and Cremin",Risa Buckenhill,false,10/15/2021
"Schimmel, Marvin and Ebert",Nalani Loines,true,1/18/2022
Abshire and Sons,Petra Segge,true,12/28/2021
"Mayer, Morissette and Runolfsson",Dorette Wilmot,false,3/28/2022
Abshire Group,Shelli Temple,true,10/14/2021
Wilderman Group,Melessa Ducroe,true,4/19/2021
"Smitham, Miller and Bartell",Elbertine Todarini,true,6/3/2021
Wehner LLC,Herold Di Meo,false,8/9/2021
Funk LLC,Edin Harpham,true,9/16/2021
Kirlin-Turcotte,Vasili Klimpt,false,8/17/2021
"Green, Christiansen and Hahn",Letitia Kikke,false,9/30/2021
Ernser Inc,Ricoriki Wheatland,false,12/16/2021
"Gislason, Maggio and Shanahan",Alvin Zuanazzi,true,2/6/2022
Zemlak-Lynch,Sly Paulou,true,8/13/2021
Bartoletti Inc,Jamal Rosentholer,false,9/4/2021
"Kulas, Schmitt and Hickle",Annamaria Challoner,false,1/18/2022
Gleason Group,Francesco Redhills,true,1/4/2022
Farrell Group,Noland Durnill,false,9/24/2021
"Aufderhar, Breitenberg and Wisozk",Simmonds Philcott,false,7/22/2021
Stanton Group,Faulkner Skillman,false,12/3/2021
Morar Group,Barbey Allnutt,false,3/2/2022
"Rath, Collins and Roob",Waly Count,false,11/13/2021
Anderson and Sons,Iggy Waltho,false,12/1/2021
Torp Group,Arly Hinz,false,7/22/2021
Adams Inc,Netta Jessopp,false,1/17/2022
Kulas LLC,Celisse Rushmere,false,1/5/2022
Rippin-Upton,Esther Caulcott,true,1/27/2022
Deckow-Kovacek,Pearle Filipovic,false,9/4/2021
Bergnaum Group,Veronique Moraleda,true,4/12/2021
Buckridge Group,Christye Lindsay,true,9/17/2021
"Weber, Stiedemann and Farrell",Darell Baulch,true,11/8/2021
"Gleason, Grimes and Langosh",Isabelita Taylo,true,10/1/2021
Lehner-Swaniawski,Angelia Conrath,false,11/9/2021
"Treutel, Douglas and Fisher",Ailene Pacht,false,3/28/2022
Kuphal LLC,Godart Crispe,false,7/16/2021
Waelchi-McClure,Louisette Stronge,true,2/10/2022
"Miller, Kuvalis and Hessel",Edward Ding,true,4/2/2022
"Hartmann, Simonis and Beer",Dorthea Croot,false,11/27/2021
"Prohaska, Abshire and Douglas",Karola Weitzel,true,12/23/2021
"Rice, Gislason and Kohler",Dulcy Malin,false,9/14/2021
"Reichert, Schroeder and Heller",Hebert Arnaut,true,12/28/2021
Quitzon and Sons,Caroline Cromblehome,false,8/27/2021
"Grimes, Gerhold and Conroy",Dora Ronan,true,10/9/2021
"Runolfsdottir, Braun and Harber",Fleur Agate,true,3/17/2022
"Gulgowski, Gislason and Leannon",Buck Dugood,true,8/28/2021
Frami Inc,Dimitry Matteacci,false,5/3/2021
Osinski Inc,Rourke Parzis,true,12/3/2021
Turcotte-Ernser,Carmelle Bountiff,true,3/30/2022
Jacobi Group,Elvyn Jaram,false,11/17/2021
"Fisher, Wintheiser and Zboncak",Hy Chipp,true,7/1/2021
"Zemlak, Blanda and Oberbrunner",Hillary Harnetty,false,5/21/2021
Cruickshank-Nienow,Kenna Sandy,true,7/16/2021
Anderson-Medhurst,Kathe Spreckley,true,5/28/2021
"Lakin, Russel and Veum",Alfie Pasque,false,2/16/2022
"Muller, Friesen and Dare",Denney Murrigans,false,2/4/2022
"Dach, McLaughlin and White",Dawn Huckstepp,false,12/1/2021
"Smitham, Collins and Boyer",Lanna Burdass,true,8/18/2021
Hermann Group,Ciro Figgs,false,11/4/2021
Satterfield LLC,Roze Waudby,false,8/26/2021
"Weimann, Bednar and Kovacek",Amie Manginot,false,7/1/2021
Considine and Sons,Sheppard Jorry,true,9/26/2021
Prosacco Inc,Livia Gritten,true,6/9/2021
"Mertz, Feeney and Dickinson",Isiahi Mc Mechan,true,6/6/2021
"Nolan, Keebler and Bayer",Alida Norvill,false,3/20/2022
Raynor and Sons,Katalin Lammert,true,10/17/2021
Steuber-Kuvalis,Dionisio Hengoed,true,8/8/2021
Price-Hessel,Germana Blazi,true,8/28/2021
Blick Inc,Chandler Lyte,false,6/20/2021
"Kunze, Anderson and Von",Graeme Mc Faul,true,12/14/2021
Macejkovic-Rempel,Danika Dulwich,true,9/1/2021
Roberts-Braun,Huberto Perritt,true,5/11/2021
Ward LLC,Brant Kemmer,false,3/11/2022
Hermann and Sons,Vance Gotecliffe,true,2/3/2022
"Davis, Dickens and Bergstrom",Chickie Stockill,true,3/30/2022
Frami and Sons,Joya Cutmore,true,2/2/2022
Sipes-Roberts,Luelle Ramirez,true,12/21/2021
Williamson-McGlynn,Josey Jaggi,false,12/29/2021
Kuvalis and Sons,Sidonnie Jozaitis,false,7/23/2021
Ward-Rogahn,Alwin Blewett,false,1/14/2022
"Pacocha, Kunze and Yost",Nancee Larmor,false,4/13/2021
Daugherty and Sons,Genni Angear,true,6/5/2021
"Langosh, Block and Labadie",Merridie Moxham,true,7/6/2021
"Graham, Ward and Reynolds",Beckie Sleford,false,4/6/2021
Cremin-Ruecker,Morrie Ebdin,false,5/22/2021
Hickle LLC,Findlay Wasielewski,false,12/5/2021
"Torphy, Bernier and Kemmer",Gerardo Ivashkin,true,5/12/2021
Kessler-Abernathy,Brett Jent,false,7/31/2021
Marks and Sons,Lainey Bartalini,false,3/8/2022
Herzog-Rosenbaum,Wit Ouldcott,true,11/2/2021
"Leannon, Ondricka and Farrell",Octavia Mateos,true,5/2/2021
Lowe-Schuppe,Gavin Pendlenton,false,6/18/2021
Ryan LLC,Chanda Milby,true,7/30/2021
"Towne, Becker and Conroy",Bucky Fochs,false,1/20/2022
Lindgren-McGlynn,Marcus Donett,true,8/15/2021
Beer-Hansen,Josephine Baskett,false,11/3/2021
Schamberger LLC,Nickolaus Hearnah,false,12/15/2021
"Kshlerin, Moore and Stamm",Linell Louden,true,11/4/2021
"Cole, Walsh and Kuvalis",Bill Kiwitz,false,11/22/2021
"Runolfsson, Breitenberg and Hessel",Leigha Kither,true,10/11/2021
Boyer-Thiel,Nickolai Lendrem,true,4/26/2021
Frami LLC,Gerhard Lidbetter,false,12/31/2021
Brown Group,Audy Kembley,true,3/1/2022
Ortiz-Swaniawski,Alaster Milkin,true,7/30/2021
Koepp and Sons,Aymer Bunworth,true,10/6/2021
"Hyatt, Ryan and Greenfelder",Wyndham Meldrum,true,9/11/2021
"Pouros, Kunde and Purdy",Artair Lelliott,false,5/27/2021
"Pagac, Rice and Rogahn",Louisa Wyleman,false,6/1/2021
"Bernier, Mosciski and Turner",Amelia Cathro,false,7/12/2021
"Klein, Brown and Vandervort",Enrika Leades,false,10/8/2021
"Veum, Sporer and Kris",Stavro Gilffilland,false,4/22/2021
Schumm LLC,Ainslee Bum,false,11/22/2021
Kemmer-Bahringer,Adey Hakonsson,true,8/4/2021
Wintheiser LLC,Jessie Roscam,false,8/5/2021
"Heidenreich, Runolfsdottir and Von",Tomaso Thurborn,false,6/15/2021
Bosco LLC,Athene Fain,false,11/28/2021
Doyle-Russel,Hedy McCrudden,false,1/31/2022
Koss-Medhurst,Rock Cranidge,true,7/11/2021
Heathcote and Sons,Babb Finnis,true,5/9/2021
Skiles Group,Rachelle Mahedy,true,9/19/2021
Altenwerth Group,Frasquito MacVay,false,5/23/2021
Rempel Inc,Danit Grimwade,true,9/18/2021
"Stoltenberg, Collins and Rolfson",Marlin McCadden,true,5/6/2021
Schoen-Gaylord,Junette Greedier,true,4/3/2022
Littel-Wilkinson,Thadeus Jowling,true,2/22/2022
"Nienow, Runolfsson and Muller",Arluene Prine,true,8/22/2021
Jast-Hane,Wilhelmine Shortan,false,9/19/2021
Stroman Inc,Caren Mileham,true,12/1/2021
Ernser-Nolan,Innis Crummie,true,4/6/2021
Walter Group,Othella Bussell,false,2/10/2022
"Bernier, Stokes and Gaylord",Ginnie Blurton,false,7/11/2021
Keeling LLC,Lock Shorie,false,10/5/2021
"Rice, Zulauf and Hane",Caria Flanaghan,false,7/29/2021
Volkman Inc,Bobbi Girhard,true,3/7/2022
Williamson Group,Hedda Tookill,false,5/4/2021
Towne LLC,Vin Stait,true,5/13/2021
Streich LLC,Essa Jerzykiewicz,true,7/28/2021
"Kris, Dicki and Franecki",Dell Greber,true,6/24/2021
Marquardt-Streich,Nil Powe,false,5/9/2021
McCullough LLC,Kiley de Clerq,false,12/23/2021
"Kautzer, Kozey and Monahan",Heath Gainseford,false,6/10/2021
Kunde-Robel,Marlena Johnsee,true,1/31/2022
Jenkins-Renner,Donovan Edgin,false,6/27/2021
"Moen, Parker and Emmerich",Conny McKeaveney,false,2/18/2022
Baumbach-Sauer,Caprice Treby,false,9/4/2021
Price-Dickens,Eydie Poon,true,9/9/2021
"Rau, Fay and Hayes",Rayna Brackenridge,false,1/11/2022
Goyette-Daugherty,Sallyann Semor,false,3/31/2022
Morissette-D'Amore,Waldon Vallintine,false,10/18/2021
Quitzon and Sons,Kimbra Trighton,false,8/26/2021
Kozey-Paucek,Katy Stoltz,false,12/31/2021
"Tremblay, Luettgen and Jacobs",Finn Spivie,true,11/28/2021
Veum and Sons,Garreth Bonifazio,false,10/24/2021
Schuster and Sons,Cam Bakhrushin,true,3/17/2022
"Brakus, McClure and Romaguera",Zachariah Cuttle,true,4/21/2021
Wehner-Kshlerin,Hendrick Smurfitt,true,3/29/2022
Muller Group,Reece Cottisford,false,4/21/2021
Botsford and Sons,Ekaterina Bennetts,true,5/3/2021
Stokes and Sons,Normand Ludmann,true,4/26/2021
Hyatt LLC,Orland Schurcke,true,4/8/2021
"Moore, Yundt and Block",Kellen Bulfit,false,12/3/2021
Gutmann-Dickinson,Aguste Drysdell,false,11/6/2021
"Mohr, Fisher and Hamill",Filmore Meech,true,4/12/2021
"Zieme, Mohr and Fay",Frans Dover,false,12/5/2021
"Von, Huel and Reichel",Alessandro Hizir,false,11/6/2021
Lakin-Cummerata,Gerianne Conniam,false,8/9/2021
Kuhn-Ankunding,Christos Panketh,true,8/31/2021
Labadie-Bechtelar,Deirdre Isgar,false,6/2/2021
Ritchie-Borer,Imojean Trevallion,true,9/23/2021
Hauck Inc,Belle McNelis,false,11/17/2021
Tremblay-Balistreri,Maura Saby,false,5/8/2021
Abbott Inc,Gianina Gilardoni,false,3/31/2022
Lehner Inc,Annabel Sickling,true,11/13/2021
"Steuber, Heathcote and Romaguera",Janos Severns,false,8/17/2021
"Jacobson, Fisher and Ullrich",Zacherie Jeffrey,true,9/7/2021
Hartmann Group,Sabrina Crank,true,10/29/2021
Johns Inc,Sawyer Braidley,true,8/7/2021
"Heaney, Conroy and Wolff",Burtie Ferroli,true,10/25/2021
Bernier LLC,Rorke Gorger,true,3/1/2022
Tromp-Kihn,Felisha Fochs,true,9/2/2021
"Terry, Satterfield and Beahan",Lewiss Croley,true,5/3/2021
Mitchell-Parker,Becki Vigours,true,6/2/2021
Olson-Kreiger,Julianne O'Clery,false,4/5/2022
Willms-Metz,Bessie Collyer,true,8/29/2021
Gislason Group,Vonny Roffey,true,11/8/2021
"Schinner, Kutch and Schowalter",Florian Greet,false,5/25/2021
Botsford-Quitzon,Lyon Popescu,false,12/28/2021
"Rosenbaum, Heaney and Hettinger",Hailey Nissle,false,6/22/2021
Hyatt LLC,Byran Littlekit,true,10/27/2021
McCullough LLC,Danna Lampke,false,12/31/2021
Orn Group,Correna Burditt,false,11/15/2021
Batz and Sons,Mellie Willimont,true,11/4/2021
Hammes and Sons,Rosanna Sidry,true,1/8/2022
Aufderhar Group,Georgeta Gudgin,true,9/16/2021
Daugherty LLC,Wanda Rookeby,false,5/21/2021
Moen Group,Jock Alberti,true,8/7/2021
Wehner and Sons,Karim Carlill,true,7/5/2021
Douglas-Emmerich,Chrissy Alberts,true,6/13/2021
Lehner Group,Margareta Ubanks,false,1/21/2022
Kuphal Group,Fancie Darrington,true,7/24/2021
Bashirian-Ledner,Joell Adan,false,11/13/2021
"Greenholt, Kemmer and Franecki",Lenci Harcus,false,7/23/2021
"Welch, Stoltenberg and McDermott",Mahmud O'Canavan,true,2/22/2022
"Osinski, Koch and Cummings",Vina Keddie,true,6/25/2021
Price-Boyer,Orlando Fley,false,7/31/2021
"Kling, Greenholt and Krajcik",Dudley Batterton,false,8/11/2021
Wunsch-Marvin,Cece Leek,true,1/19/2022
"Keebler, Leffler and Hettinger",Ninette Cotterrill,true,3/19/2022
"Upton, Hermiston and Schmidt",Cicely Brettor,true,9/24/2021
Ebert-Zulauf,Tiertza Minett,false,8/21/2021
"Koch, Haag and Howell",Sigismundo Pendlenton,true,11/23/2021
Prohaska-Senger,Sandy Andreoletti,true,10/26/2021
Ryan-Crist,Foss Biffin,true,7/18/2021
Wolff-Kirlin,Leonardo Blything,false,3/17/2022
Upton Group,Harald Maciaszek,true,11/28/2021
Gibson Group,Lorinda Mapes,false,6/3/2021
"Homenick, Collier and Cronin",Bear Dubock,false,2/20/2022
Batz and Sons,Lorry Adamovich,true,6/19/2021
Jones Group,Peria Marginson,true,8/13/2021
"Erdman, Conn and Jaskolski",Susi Lawrenceson,true,6/22/2021
Steuber-Hessel,Talia Ducarne,true,9/25/2021
"Hartmann, Hegmann and Senger",Junie Bradder,false,12/30/2021
"Rolfson, Bogisich and Ziemann",Barbara Stowte,false,6/12/2021
Hansen and Sons,Malachi Corradini,true,6/9/2021
"Bernhard, Koelpin and Russel",Sherwin Unitt,false,7/10/2021
"Schulist, Borer and Hoppe",Bonnibelle Cartmell,true,8/13/2021
Wehner LLC,Alisander Scatcher,true,3/6/2022
Hyatt-Block,Fritz Scollick,true,6/13/2021
Veum Inc,Brok Von Der Empten,false,7/22/2021
Oberbrunner and Sons,Bearnard Oattes,false,4/5/2022
O'Conner-Wilkinson,Nissie Plenty,false,11/1/2021
Franecki LLC,Alisha Lummus,false,1/9/2022
"Ebert, Cormier and Collins",Teddie Porch,false,8/30/2021
Bruen and Sons,Gizela Head,false,11/1/2021
Bashirian LLC,Joelle Dibley,false,2/21/2022
Mitchell and Sons,Charlton Hymas,true,4/13/2021
Blanda Group,Wilhelmina Speeding,true,11/28/2021
Cartwright-Hirthe,Lenci Seckom,true,12/25/2021
Nolan-Jenkins,Lindsy Moorman,true,9/7/2021
Walker Inc,Joscelin Godspede,true,4/4/2022
Simonis Inc,Kaitlyn Broadnicke,true,8/14/2021
Wisoky-Hermann,Huntington Waldocke,false,2/22/2022
Hirthe-Kuvalis,Barrie Ajam,false,5/18/2021
Purdy LLC,Noelle Ibbott,true,9/28/2021
Raynor LLC,Nissy Wildt,false,8/10/2021
Rippin-Hyatt,Shayna Russel,true,5/18/2021
Kilback and Sons,Madonna Piechnik,true,1/31/2022
Mohr Group,Constantia Morecombe,true,12/15/2021
White-Kertzmann,Paxton Gillum,false,6/22/2021
"Spinka, Rath and Rath",Arne Kensington,false,6/20/2021
"White, Kunze and Kulas",Rania Copley,true,4/13/2021
"Weimann, Kozey and Kautzer",Hill Favell,true,12/28/2021
Roberts-Hilll,Barbee Seedman,true,9/5/2021
Runolfsson LLC,Mercedes Sautter,false,6/4/2021
"Beier, Kreiger and Schultz",Talyah Hardy-Piggin,true,12/16/2021
"Prohaska, O'Reilly and Franecki",Rriocard Saint,false,7/11/2021
Predovic-Jenkins,Fidel Schneider,false,11/7/2021
Stark Group,Sauncho Osler,false,2/5/2022
Rowe LLC,Kristina Sharplin,true,6/2/2021
"Hegmann, Ward and Wisozk",Ailyn Choffin,true,7/28/2021
Lehner-Brown,Cleveland Gleader,true,12/7/2021
"Kreiger, Thompson and Streich",Cobbie Feechum,true,9/25/2021
Runolfsson-Rippin,Miguel Arthan,false,3/22/2022
"Beahan, Schoen and Hartmann",Linzy Howsden,true,7/25/2021
Beahan Inc,Jory Chat,true,1/11/2022
Abbott LLC,Lyndsie Havick,true,7/23/2021
Mohr-Wiza,Katy Binnall,false,6/29/2021
Stiedemann LLC,Ethelin Watmore,false,8/12/2021
Stark and Sons,Natale Cisec,true,11/1/2021
Spinka LLC,Micheline Ivanitsa,true,8/6/2021
Shields Inc,Nola Tumasian,true,9/18/2021
VonRueden-Bednar,Omero Fautley,false,11/13/2021
Thiel Group,Sigmund Selkirk,false,8/15/2021
Prohaska-Bailey,Scarface Shillitoe,true,5/23/2021
"Kohler, Cronin and Ebert",Roscoe Crabb,true,5/18/2021
Moore and Sons,Vallie Gollin,false,4/5/2022
Nicolas-Zieme,Aline Gasking,false,9/25/2021
Kling-Beer,Karlotte Emberson,false,2/1/2022
"Turner, Hauck and Homenick",Sabrina Ahrens,true,3/1/2022
Cummings LLC,Laurianne Inmett,true,2/27/2022
"Stracke, Lang and Ratke",Nikita Meriet,true,1/14/2022
Farrell Inc,Alfi Lorenz,false,3/16/2022
Gorczany-Barton,Mildred Colleck,false,2/7/2022
Mann Group,Rozalin MacSwayde,true,9/30/2021
Bailey and Sons,Fredericka Davydzenko,true,11/27/2021
"Bode, Gibson and Fisher",Cleve Mularkey,true,6/19/2021
D'Amore Group,Everett Creavan,true,4/12/2021
Volkman-Rath,Elizabeth Stivani,false,8/1/2021
"O'Keefe, Konopelski and Dibbert",Silvia Joan,true,4/11/2021
Walsh-Green,Joaquin Trembey,true,5/17/2021
Johnston-Stoltenberg,Durant Ovenell,true,5/3/2021
Smith LLC,Julietta Cowdrey,false,10/19/2021
Kuvalis-Dickens,Deloria Giacobelli,true,6/24/2021
Breitenberg Group,Blanca Hovel,true,4/18/2021
Morar-Schoen,Gennie Pitford,true,9/28/2021
"Kunde, Turner and Stokes",Francoise Stigell,true,6/23/2021
Kilback-Wisozk,Marline Blackeby,true,12/18/2021
Leuschke-Cartwright,Ibrahim Gathercoal,true,12/6/2021
"Thiel, Schimmel and Padberg",Jori Kendle,false,9/18/2021
McCullough-Larkin,Petra Conyer,false,1/29/2022
"Goodwin, Lowe and Goldner",Hazlett Laux,false,7/6/2021
"Schuppe, Herzog and Ondricka",Kylynn Howes,false,4/6/2021
"Lehner, Barton and Gislason",Guenevere Ducarne,false,10/28/2021
Gaylord-Armstrong,Evelina Bisco,false,7/6/2021
Pouros LLC,Barby Cape,true,8/16/2021
Leffler-Rosenbaum,Gilberto Yukhin,true,9/27/2021
Maggio-Marks,Terrance Spragge,false,3/12/2022
Walker-Ferry,Charley Missington,false,12/16/2021
Treutel LLC,Jo-anne Ockendon,true,9/23/2021
Howe Group,Caterina GiacobbiniJacob,true,2/6/2022
Mayert-Reynolds,Tina Coronado,false,2/11/2022
Treutel Inc,Yanaton Novello,false,5/15/2021
"Daniel, Hettinger and Bogan",Caty Kesper,true,1/2/2022
"Murazik, Schiller and Gaylord",Ricoriki Masedon,false,7/9/2021
Harris LLC,Boote Dyne,true,5/5/2021
Cruickshank-Ondricka,Maurizia Payley,false,5/12/2021
Hills and Sons,Gary Menhci,true,8/26/2021
Nader-Bins,Cathi Ebbutt,false,11/4/2021
"Abernathy, Koelpin and Kovacek",Flori Spiby,true,6/17/2021
Swift Inc,Misti Ashleigh,false,7/19/2021
Kris Inc,Georgetta Probat,false,9/7/2021
Hilll and Sons,Orren Fricke,true,9/5/2021
Haley Group,Damara Shreeve,true,8/11/2021
"Dickens, Hintz and Batz",Benedict Attle,true,1/3/2022
Watsica-Maggio,Upton Klosges,false,10/18/2021
Stroman Group,Wrennie Twitching,false,1/11/2022
Dibbert-Reinger,Paola Hinder,false,5/19/2021
Schamberger Inc,Ash Gostridge,false,1/18/2022
Glover Group,Anthony Du Pre,false,7/13/2021
"Abbott, Tremblay and Ruecker",Nicoline Huonic,true,1/13/2022
"Dare, Walker and Casper",Ric Leil,true,3/16/2022
Mosciski-Stokes,Larry Hugnet,false,10/15/2021
Pfeffer-Schoen,Kizzee Letty,false,8/24/2021
Williamson LLC,Rivy Rief,false,7/22/2021
"Hauck, Hills and Cummings",Bengt Mount,false,12/30/2021
"Gerhold, Gaylord and Legros",Leisha Dik,true,7/4/2021
"Farrell, Runolfsdottir and Wolf",Eileen Fuggle,false,7/27/2021
Welch-Mitchell,Wynn Weddeburn - Scrimgeour,true,4/24/2021
Schuster-Heaney,Myca Marrian,false,1/29/2022
Moore-Beahan,Mordy Glowacki,false,8/31/2021
"Pfannerstill, Streich and Rogahn",Corly Strethill,true,11/17/2021
"Crona, Hermann and Jakubowski",Walden Draye,true,9/13/2021
"Hegmann, Runolfsdottir and Medhurst",Tabitha Blaxill,true,8/1/2021
Kihn-Hintz,Lyndy Bathoe,false,11/2/2021
"Howe, Weissnat and Cartwright",Brana Cokly,true,7/8/2021
"Walter, Roob and Daugherty",Pavel Melmeth,true,11/15/2021
Bruen-Feest,Arther Dawdary,true,1/21/2022
Paucek Inc,Miranda Willder,true,10/21/2021
"Kassulke, Dooley and Kerluke",Ilene Fenlon,true,9/3/2021
Mayer-Balistreri,Sibylla Gilman,false,7/23/2021
Auer Group,Ninnetta Pierce,false,1/18/2022
Schinner LLC,Millie Seide,true,7/23/2021
Torp-Stanton,Lorilyn Birkmyr,true,1/3/2022
Ondricka-Oberbrunner,Breena Collister,true,10/14/2021
Gutkowski Inc,Parry Sarll,false,12/1/2021
"Lesch, Bayer and Koch",Arlinda Fautley,true,8/27/2021
Abshire Inc,Vanni Fishby,true,12/21/2021
Kub Group,Fiorenze Leney,true,2/13/2022
"Rippin, Koelpin and Paucek",Madella Chadbourn,false,6/1/2021
Schoen-Spinka,Mirella Winslet,false,12/31/2021
"Cremin, Emard and Armstrong",Alexandrina Berecloth,false,7/2/2021
"Rogahn, Balistreri and Nienow",Alvin Briamo,false,1/9/2022
"O'Reilly, Crooks and Kemmer",Gianina Gristhwaite,false,2/20/2022
Gottlieb-Okuneva,Adriana Birney,true,6/16/2021
Swaniawski LLC,Meryl Crilley,false,7/2/2021
Rogahn-Mraz,Elise Durnan,false,12/27/2021
Kessler-Howe,Jeanie Andreasen,true,12/5/2021
"Langosh, Powlowski and Weissnat",Wallas Neno,false,9/9/2021
Wilkinson LLC,Cullie Reinhard,true,6/19/2021
Rolfson Group,Brigitte Demangel,false,12/15/2021
"Crist, Harvey and Homenick",Kain Hammer,true,11/23/2021
"Runolfsson, Franecki and Hudson",Leah Burkill,false,5/24/2021
Armstrong-Zulauf,Bil Storkes,true,9/7/2021
"Waters, Koss and Brekke",Dody Caudelier,false,4/27/2021
"Nolan, Klocko and Mosciski",Dante Cleynman,false,6/4/2021
Macejkovic LLC,Obie Huby,true,5/10/2021
Swaniawski-Gutkowski,Rutledge Raithbie,false,9/7/2021
"Grady, Wehner and Stracke",Flori Tomadoni,true,6/1/2021
"Ferry, Luettgen and Schamberger",Baron Threlkeld,true,8/3/2021
Corkery-Spencer,Ursulina Lockwood,true,9/17/2021
Osinski-Reinger,Kassia Rhule,true,7/10/2021
Buckridge-Goyette,Ethelda Cavilla,false,5/5/2021
Cartwright LLC,Harriott Burdess,true,1/22/2022
Torp-Denesik,Mike Mewburn,true,6/28/2021
Walsh and Sons,Arri Dumbleton,true,12/31/2021
"Kohler, Fahey and Boyer",Andie Gawthrop,false,8/5/2021
"Bruen, Koelpin and Veum",Lianna Sieur,false,9/15/2021
"Kovacek, Lemke and Fisher",Moss Axcell,true,3/20/2022
Morissette Group,Brenda Allmark,false,12/27/2021
"Ebert, Lesch and Spinka",Aldon Horribine,true,6/2/2021
Jast Inc,Pattin Colebeck,true,8/16/2021
Quitzon LLC,Murielle Follacaro,true,2/27/2022
"Franecki, Barrows and Lemke",Merrie MacNeilley,true,3/28/2022
"Parker, Blick and Kemmer",Hamilton Arkcoll,true,3/22/2022
"Bednar, Schmitt and Swift",Cele Christin,true,4/18/2021
Lang LLC,Jillane Sellor,false,7/15/2021
Schulist-Emard,Elias Rowlin,false,12/16/2021
"Bauch, Armstrong and Mante",Arlee Dinsale,true,10/30/2021
Flatley and Sons,Barrie Carl,true,12/5/2021
"Mueller, Murray and Jones",Lorie Makeswell,false,4/21/2021
"Auer, Hegmann and Stehr",Webster Le Moucheux,true,4/23/2021
Reichert and Sons,Shir Gregersen,true,2/18/2022
Bernhard-Stiedemann,Perri Cicccitti,true,8/24/2021
Nader-Cassin,Imelda Latus,true,12/30/2021
"Schroeder, Wolff and West",Cordy Freeland,true,3/3/2022
Nolan-Bernier,Wait Konzel,true,10/7/2021
Lang-Windler,Idelle Whitrod,true,9/22/2021
Frami-Bode,Gretchen Slingsby,true,5/18/2021
