name,location,will_split,wont_split
"Schowalter Little and Monahan",80 Gina Pass,977043,179855
Brakus-O'Reilly,8795 Bellgrove Avenue,12322,606968
Stoltenberg and Sons,1498 Towne Trail,803319,235016
Schaefer Group,842 Steensland Road,18214,678370
Morar-Morissette,79802 Golden Leaf Crossing,452758,408017
"Predovic Champlin and Kemmer",3 Truax Court,603945,71767
Reinger Group,2387 Merchant Plaza,632137,868974
Keebler LLC,9 Fremont Lane,493009,112070
Schroeder-Wehner,1360 Petterle Crossing,126152,35950
"Reilly Koepp and Mills",51 Orin Drive,252263,364829
Gerlach-Homenick,5 Sage Parkway,385542,514975
"Wolff Ruecker and Welch",47 Crest Line Court,724368,803017
"Kuhic Gutkowski and Metz",89 Crownhardt Court,92868,380710
"Okuneva Morissette and Leuschke",58629 International Street,802131,380515
Rath-Kohler,983 Mallory Street,868152,22345
Rice LLC,12 Cherokee Trail,560984,543375
Medhurst Group,32437 Monument Trail,344430,318485
Reynolds-Hammes,94105 Bobwhite Way,307467,351165
"Crona Kshlerin and Kub",03 Oak Valley Terrace,140660,733792
Senger and Sons,887 Brown Terrace,520121,564195
Mante-Kuhlman,17814 Hanover Point,729529,888502
Bruen and Sons,480 Sachtjen Park,961768,864165
Labadie-Boyer,5 Everett Point,610359,34465
Kozey Group,746 Union Crossing,759813,568289
"Jaskolski Luettgen and Conroy",75698 High Crossing Hill,161655,929429
"Larson Carter and Feest",669 Cordelia Junction,490961,251565
Johns-Tremblay,54352 Walton Terrace,733822,39420
Williamson-Ebert,2 Mandrake Center,664043,402111
Feest and Sons,3388 Meadow Valley Parkway,136141,803292
Feil Inc,97145 Dennis Pass,959561,579886
Olson Inc,1607 Reinke Street,426470,88233
Zulauf LLC,8324 New Castle Junction,554195,992583
Nolan-Schiller,293 Jackson Point,83916,568560
"Murazik Haley and Spencer",1293 Spohn Point,215158,961769
Bailey-Murazik,443 Swallow Avenue,490588,253329
Kulas LLC,2763 Forest Run Center,280553,971975
Steuber Inc,753 Hanson Alley,663288,139549
Beahan-Monahan,7 Mallory Park,318541,781765
Rosenbaum LLC,606 Service Alley,113422,582995
"Huels Zulauf and Zboncak",303 Fisk Park,607001,344036
Beer and Sons,5890 Nancy Lane,509847,974856
"Kirlin Zboncak and Wisoky",24 Mallard Hill,641910,331136
Schiller Inc,033 Mifflin Circle,271918,370424
"Goodwin Stiedemann and Schowalter",08 Forster Plaza,737637,76589
Jerde-Emard,17369 Bunker Hill Plaza,842169,691488
Kub and Sons,83122 Heath Way,389732,671751
Pollich LLC,896 Hazelcrest Way,71166,510208
Mitchell-Beer,367 Goodland Center,402406,39457
"Aufderhar Gibson and Hahn",2082 Parkside Hill,548055,50444
"Wilkinson Crist and DuBuque",27 Old Shore Center,305047,818858
Weimann Group,2 Spaight Circle,229244,967943
"Halvorson Gorczany and Lowe",3848 Menomonie Parkway,637321,704757
Bechtelar-Halvorson,25932 Shopko Street,836610,692863
"Blanda Nitzsche and Heidenreich",43 Merchant Road,828886,503571
Bartell and Sons,2 Novick Place,120382,330567
Howell Inc,94508 Canary Center,208499,898912
Lowe-Jakubowski,4 Orin Plaza,236992,310994
Aufderhar and Sons,3 Forster Place,163852,699013
"Wisoky Friesen and Hane",460 Manitowish Parkway,719488,507783
Friesen-Feeney,32267 Forster Trail,599817,357980
Nitzsche and Sons,32681 Kenwood Alley,796745,98014
Gerhold-Stanton,9 Mcguire Center,331164,420050
"Powlowski Keeling and Will",174 Erie Way,945630,234972
"Mante Franecki and Doyle",94473 Lien Drive,473136,115756
Lind Group,5 Monterey Place,594787,291533
Homenick-Kuhic,6 Upham Parkway,847039,766555
Nader and Sons,2 Cordelia Way,596417,600104
Daniel and Sons,27901 Vera Place,747531,888131
Hilll Group,5166 Helena Court,274289,970064
Grant LLC,8984 Cardinal Plaza,62820,143211
Raynor-Emmerich,77315 Sundown Crossing,175770,711199
Rath Group,1074 Truax Road,644105,250446
"Turner Senger and Hahn",4 Sunbrook Junction,248961,349465
Schuppe-O'Kon,85031 Park Meadow Center,678276,496275
"Cummerata Waters and Ziemann",76 Bluejay Court,678555,53873
Bartoletti and Sons,929 Hansons Crossing,420914,232389
"Paucek Lindgren and Connelly",211 Kim Center,546659,348797
Hettinger-Anderson,9810 Center Crossing,337658,45675
Brakus-Fisher,08538 Fremont Terrace,956599,203437
"Goodwin Stokes and Kling",06 Daystar Alley,701592,818913
O'Keefe Inc,19 Walton Point,639394,131484
King-Kemmer,818 Northport Crossing,24555,430275
Feeney-Doyle,547 Rigney Avenue,727927,949248
"Olson Reichel and Hamill",91 Melody Court,193288,559841
"Schmidt Fadel and Howell",9 Mockingbird Parkway,439039,248877
Hammes-Schneider,7803 Westend Junction,317926,901170
"Kshlerin Hane and Hilll",5 Brentwood Point,370941,85259
"Hyatt Welch and Connelly",048 Bunting Center,152308,481124
Kozey LLC,58350 Helena Place,22204,421430
Lindgren LLC,4406 Petterle Place,749850,296315
Kerluke-Schmeler,35115 Claremont Street,554614,349674
Nolan Group,126 Mifflin Trail,46160,509601
"Stamm Bahringer and Douglas",605 Buell Plaza,533371,416183
Koss Group,31 Commercial Way,996560,604770
White-Kilback,6786 Milwaukee Hill,63595,153743
Lynch LLC,7 Union Way,318849,428348
"Waters Dietrich and Armstrong",50 Waxwing Place,255035,191313
Medhurst-Padberg,12 Buena Vista Hill,344024,968283
Dickinson Inc,113 Cardinal Avenue,64557,981238
"Emard O'Connell and Schoen",791 Norway Maple Trail,203793,507753
"Herman Hane and Hoppe",2 Kingsford Crossing,270997,755574
Langosh Inc,8 Debs Point,749447,113819
"Kovacek Murphy and Monahan",23 Russell Crossing,174129,952470
Ullrich-Glover,42 Westport Avenue,675062,742622
Cronin Inc,7 Mayfield Trail,488343,269909
Thiel-Macejkovic,0192 Loeprich Place,975237,531628
"Padberg McGlynn and Ullrich",0 Cambridge Drive,176348,509634
"Runolfsson Haley and Renner",92951 Straubel Junction,130208,419621
Rau-Johns,569 Thompson Center,584064,520869
Harris Group,13189 Service Parkway,304637,152674
"Hackett Murazik and Hoppe",9 Corben Way,699508,568424
Reinger Group,21 Warrior Street,272066,585860
Rodriguez-Boehm,940 Shoshone Place,276663,995327
Weissnat Group,7 Stoughton Pass,14015,23004
"Schoen Spinka and Koch",4 Kipling Road,444871,560604
"Bailey Schimmel and Roob",1 Springs Terrace,220943,294035
"Marvin Stanton and Rippin",475 Prairie Rose Drive,671396,82012
"Nikolaus Ryan and VonRueden",7 West Parkway,340552,366394
"Nader Turner and Corkery",16 Transport Court,261518,898559
"Oberbrunner Anderson and Morissette",91057 Almo Park,972123,485488
"Roberts Gislason and Erdman",45 Dixon Court,64460,476
Gleichner-Zemlak,87 Division Hill,205685,21826
"Fisher Jaskolski and Douglas",30 Ridgeway Terrace,380550,543553
Bergstrom-Borer,0974 Kropf Alley,612459,979983
"Anderson Streich and Stracke",83991 Oxford Pass,175727,3192
Roob-Hartmann,96 Marquette Hill,322238,757397
Auer LLC,32 Acker Avenue,235262,804593
"Johnston Spencer and Brekke",4903 Jackson Drive,814687,847591
VonRueden and Sons,8231 Buhler Lane,391225,450477
Hammes-Ondricka,62 Texas Lane,454667,575902
Harvey-Nicolas,825 Southridge Road,192064,26282
Paucek Group,1 Blackbird Plaza,638877,96516
Ebert-Witting,9 Village Pass,12888,875071
Yost Group,746 Kenwood Lane,290304,538211
Kuvalis-Ryan,20946 Thompson Circle,925171,958115
Nicolas Inc,79 Hermina Street,222216,107835
"Schumm Klein and Prohaska",9 David Road,764038,219762
"Quigley Armstrong and Stroman",8341 Glacier Hill Parkway,161022,478916
Bradtke-Waelchi,757 Steensland Parkway,675967,943436
Hermiston Inc,04661 Hermina Terrace,914795,473873
Kihn-Maggio,47 Heffernan Street,661457,742573
"O'Keefe Smith and Lockman",40355 Loeprich Park,95933,579267
Deckow and Sons,450 8th Trail,396296,649151
Lowe Group,8232 Warbler Trail,162393,912085
"Ruecker Schultz and Goldner",5852 Pennsylvania Trail,3137,61114
Boehm-Gaylord,99624 Northfield Alley,760989,379298
Boyle and Sons,70815 Scofield Hill,741900,384655
"Smith O'Kon and Bernhard",72 Schlimgen Drive,153979,895881
"Hickle Schmidt and Hagenes",12 Tony Avenue,203389,598570
Kassulke and Sons,0 Forest Dale Hill,124241,517539
Tromp LLC,07 Springs Drive,734713,162149
"Little Mayer and Lind",85 Thierer Park,466386,918430
Larson-O'Connell,079 Roth Court,749365,494433
Tillman-Haley,547 Beilfuss Pass,510177,952746
"Pollich Luettgen and Sauer",90 Briar Crest Avenue,614082,119709
Douglas-Hansen,5 Dovetail Street,330920,128234
Ziemann-Hammes,71846 Magdeline Alley,852039,140957
Lemke-Ebert,1168 Helena Parkway,155690,603897
Kilback Inc,80 Upham Point,358391,274734
"Parisian Watsica and Jacobs",9778 Cardinal Place,346779,752076
"Denesik Watsica and Harris",9555 Mcbride Circle,19809,960430
Lang Group,76 Caliangt Place,555881,124326
Franecki-Stehr,1717 Swallow Alley,304189,172806
Altenwerth LLC,7 Northfield Park,416938,143825
"Kling Witting and Johns",8647 Grim Way,703354,532825
Lemke and Sons,3210 Loeprich Pass,606907,380575
Herzog Group,8 Loeprich Hill,444690,870148
Zieme-Wolf,38632 Northridge Trail,381776,772573
Ankunding Inc,63353 Mockingbird Drive,483559,407447
Lubowitz and Sons,8520 Anderson Hill,55126,974469
"Runolfsdottir Blick and Haley",58 Bultman Circle,476847,39542
Kunde LLC,9 Crescent Oaks Place,221639,43417
Kuhlman-Cremin,22708 Mallard Circle,92424,734254
"Herman Abbott and Buckridge",470 Bunting Road,818025,48745
Cummings and Sons,354 Dakota Junction,28597,527986
"Dach Watsica and King",50755 Superior Plaza,264100,776474
Hermiston-Kshlerin,9267 Dawn Avenue,146615,795600
Waelchi-Gleichner,30906 Mendota Junction,342597,889794
McClure and Sons,9187 Mcbride Hill,776974,426741
"West Marvin and Nitzsche",6 6th Way,473663,984458
"Bauch Hegmann and Daugherty",3669 Kings Pass,235100,937011
Lindgren LLC,289 Lake View Pass,763594,804799
Homenick-Thiel,11 Vernon Lane,862178,839834
"Ullrich O'Connell and Hilll",566 Sheridan Trail,993925,197993
Marquardt Group,25 Doe Crossing Crossing,667641,900273
"Rau Kilback and Kemmer",04 Mosinee Court,84328,230202
"Smitham Morar and Jenkins",203 Kings Crossing,454633,860213
Gottlieb-Ernser,2 Upham Plaza,177354,255063
Konopelski LLC,63 Bluejay Alley,297698,884191
Collins and Sons,551 Paget Alley,194357,947021
"Dicki Lueilwitz and Wilkinson",361 Scott Alley,91143,999106
Osinski Inc,552 Bartelt Circle,968821,197568
Brekke Group,3 Monterey Point,852298,72347
Herzog Inc,98 Morningstar Drive,366949,34326
"Bergnaum Kuvalis and Pollich",7 Aberg Alley,790400,636599
"Wuckert Vandervort and Beier",8525 Maple Place,744648,338588
Satterfield-Mann,91116 Towne Crossing,48865,413373
"Bernier Fisher and Johns",7 Dapin Park,476262,295342
"Luettgen Marks and Franecki",10 Hansons Terrace,193641,755623
Powlowski-Gutmann,5632 Tony Trail,958999,340164
"Schowalter Gorczany and Hansen",62761 Quincy Plaza,537383,320165
"Green McCullough and Zulauf",5232 Becker Pass,438854,620406
Hettinger Group,2645 Haas Parkway,819344,690686
Deckow Group,98 Bellgrove Plaza,352077,184809
Hoppe-Kuvalis,215 Oneill Way,202369,725320
Abbott-Hilpert,735 Memorial Center,5018,202920
Langworth Group,2696 Linden Lane,252037,424867
Nitzsche Inc,73031 Burrows Way,33580,115231
"Erdman Mertz and Bosco",01 Carioca Lane,154064,953694
Heathcote-Cormier,6 Anhalt Terrace,851251,43342
"Hilpert Bode and Mills",0999 Merchant Road,969474,308237
Brown-Boehm,290 Eggendart Drive,549097,900564
Bergstrom-Reynolds,53 Northland Hill,188295,973647
Klocko and Sons,88236 Drewry Junction,114373,885337
"Murray Turcotte and Brakus",40300 Menomonie Way,110277,219871
"Dare Schuster and Goyette",0942 Leroy Point,184396,825492
Orn-Steuber,276 Mockingbird Way,983810,641149
"Upton Kuhn and Dach",51 John Wall Alley,939387,592160
"Mills Leffler and Reinger",794 Jenna Lane,541605,898398
Cole Group,5291 Roxbury Center,469238,781999
Reichel and Sons,0871 Victoria Road,464635,768434
Kohler and Sons,5 Anthes Terrace,122197,633170
Wilkinson LLC,948 Ryan Pass,950128,22258
"Kling Reinger and Yost",486 Division Pass,60110,895308
"Bruen Emmerich and McCullough",6 New Castle Trail,343427,655753
"Murray Huel and Halvorson",6 Boyd Pass,299318,151956
"Parker Fay and Blick",07470 Lindbergh Center,747299,180931
Kutch LLC,65779 Buell Crossing,242737,611185
Aufderhar Inc,6 Northwestern Center,655852,145121
Sauer Inc,274 Gale Court,816563,210887
Murazik-Homenick,460 Burning Wood Crossing,9191,176208
Berge-Brakus,37 Chive Hill,726150,537143
"Zieme Terry and Klocko",875 Daystar Junction,726269,211379
"Nikolaus Rolfson and Dickinson",8 Swallow Drive,790473,205924
Jacobson Inc,74059 Reindahl Plaza,939229,206355
"Baumbach Homenick and Bosco",00 Dixon Crossing,412301,953014
Dietrich-Stroman,504 Di Loreto Hill,851828,5776
"King Rosenbaum and Kunde",2 7th Street,751424,869128
Glover Group,92792 Bashford Point,304819,528197
"Murray Steuber and Towne",17 Browning Crossing,809835,544209
Lehner and Sons,1 Lillian Hill,192205,367371
Wunsch-Nikolaus,74008 Clove Place,728832,204987
Kuhn-Bednar,55988 Basil Alley,487390,311356
"Davis Schinner and Huel",06 Swallow Trail,686580,495227
Pacocha-Stamm,2503 Tennyson Alley,608050,404040
Batz-Miller,4255 Sachs Circle,102953,152077
Sawayn Group,2 Granby Junction,580428,254607
Prohaska-Dickens,1568 Fisk Road,100282,479002
"Weimann Hickle and Doyle",8814 Del Mar Drive,539049,212631
Hand-Emard,96 Glendale Plaza,774433,168527
Kiehn and Sons,5153 Crowley Circle,608672,271215
Murazik-Hayes,7 Stone Corner Center,343788,656847
Ortiz-Farrell,19 Merrick Park,873759,458599
"Weissnat Kunde and Waelchi",2128 Dryden Trail,527219,149338
Mayert and Sons,05055 Dennis Alley,1385,56657
Bergnaum-McGlynn,70 Sheridan Trail,119538,346368
"Kohler Borer and Corkery",12905 Nobel Lane,280181,411420
Little-Collins,90 Summerview Junction,755020,51133
Dietrich-Kuhn,07 Maple Wood Hill,387831,154414
McLaughlin Group,71 Summit Drive,577873,541062
"Nicolas Trantow and Steuber",2579 Carpenter Court,563657,149789
"Gleichner Lehner and Stoltenberg",0927 Hooker Center,930018,857899
Keebler Inc,4 Clyde Gallagher Crossing,712172,306845
"Friesen Denesik and Keeling",026 Linden Parkway,465804,511672
Wisoky-Fadel,32728 Old Gate Plaza,191356,254947
"Abernathy O'Kon and Aufderhar",56804 Dottie Park,124965,395548
Okuneva Inc,57 School Way,367752,709476
"Kuhlman Weimann and Bins",6 Graedel Park,531979,938366
"Weimann Emmerich and Feeney",4 Loftsgordon Point,589862,778681
Wisozk LLC,17 Walton Junction,172232,95082
"Schulist Bailey and Aufderhar",0505 Golden Leaf Crossing,675179,96308
"Terry Sawayn and Volkman",252 Paget Drive,576082,424684
"Kreiger Reilly and Powlowski",0 Commercial Drive,381263,354023
"Nicolas McDermott and Kautzer",6631 Fairfield Street,497153,30245
Kub LLC,087 Manitowish Circle,691371,823119
Stokes and Sons,014 Manley Plaza,228040,522611
"McDermott Maggio and Grady",6 Stone Corner Drive,625793,130239
Farrell LLC,83012 Ilene Trail,277562,227112
"Shanahan Goldner and Corkery",96 Sloan Alley,397259,238234
Block and Sons,99041 Merchant Trail,846095,572186
"Schmidt Gerhold and Huel",9 Sauthoff Parkway,201466,802279
Schaefer-Jerde,8 Service Hill,892024,964577
"Cummerata Friesen and Gaylord",40774 Florence Parkway,473348,90772
Conn-Roob,50148 Riverside Alley,113601,887344
Jast and Sons,6 Lakeland Hill,552276,981657
Hegmann and Sons,132 Corry Plaza,496228,197273
"Braun Bode and Grimes",834 Eagan Hill,203787,397708
Lowe Inc,18979 Corry Trail,972697,896960
Larkin-Zemlak,929 Quincy Place,231516,8864
Dietrich Inc,3 Pankratz Alley,87823,781946
"Heathcote Tremblay and Haag",42939 Monterey Place,997291,605979
Bogan Inc,5 Rigney Court,618457,268459
"Kunde Waelchi and Witting",25 Esch Terrace,499881,521755
"Russel Hilpert and Mills",61 Anderson Road,858626,689640
Skiles Group,0427 Garrison Avenue,692025,401155
Osinski LLC,17 Gateway Place,370324,485271
Howell and Sons,47 La Follette Street,429184,933253
Little-Schultz,46111 Reinke Trail,314678,327530
Steuber Group,6 Rockefeller Park,323544,558633
"Nikolaus Sanford and Jacobson",34 Blaine Court,586151,684643
Greenfelder LLC,92306 Ridgeway Trail,846443,462847
Russel-Haag,5584 Texas Junction,522118,237240
"Lang Kautzer and Hilpert",03408 Dexter Lane,865235,33400
"Durgan Frami and Durgan",092 Marquette Plaza,774598,501785
"McKenzie Streich and Klein",863 Moulton Terrace,729773,782369
"Rippin Miller and Kutch",260 Prentice Avenue,495001,451681
"Littel Johnson and Thompson",23 Brown Trail,970132,568271
Ryan-Koss,08146 Fairview Way,379091,972043
Gulgowski-Quigley,1 Almo Crossing,256665,38167
Mante Group,2 Clove Park,374122,55728
Johns Group,353 Ronald Regan Hill,712769,989033
Wiegand-Zieme,6801 Valley Edge Crossing,446002,463276
Hessel and Sons,10850 Northwestern Center,1156,391376
"Schmeler Schowalter and Abernathy",42276 Westport Trail,796100,794047
Crist LLC,4257 Stephen Place,791669,318853
Orn-Hauck,4 Iowa Court,838224,728847
Ferry-Moore,542 Menomonie Pass,931797,741917
Hackett-Ziemann,226 Shasta Center,949820,282294
Durgan-Gleichner,637 Havey Trail,422091,358558
"Kuphal Casper and Grimes",4136 Annamark Way,488042,958661
Willms-Leuschke,1517 Gulseth Lane,180390,964378
West Group,0011 Cherokee Terrace,294096,542522
Leuschke Inc,6835 Manitowish Junction,665228,87111
"Roberts West and Pouros",734 Utah Way,504007,496826
Shanahan and Sons,16149 Dovetail Place,313750,497136
Osinski-Dach,92 Annamark Trail,332592,696422
"Oberbrunner Mueller and Carroll",1390 Cambridge Circle,348368,915633
Deckow-Kutch,451 Monica Street,960049,902850
"McGlynn Hyatt and Conroy",34 Commercial Hill,330852,538418
"Murazik Harvey and Terry",77 Forster Junction,577852,540829
"West Rempel and Hansen",8 Armistice Trail,718317,209421
"Rippin Dare and Predovic",729 Prentice Way,867203,689545
Hessel-Borer,10689 Morrow Park,676619,556187
"Carter Kris and Okuneva",1 Elgar Park,204588,193312
Kuhic-Friesen,791 Sage Plaza,172788,301167
O'Reilly-Sawayn,313 Vahlen Circle,958642,692579
Smith Inc,64602 Lakeland Crossing,799621,354556
Weissnat-Cassin,73679 Swallow Trail,283240,349478
Medhurst LLC,755 Harper Alley,205489,495449
"Davis Keeling and Trantow",2 Manley Place,942402,881813
Harvey Inc,2 Sutherland Crossing,769590,568187
Nolan Inc,7180 Declaration Court,371560,147747
"Wisozk Ledner and Jenkins",47348 Hanover Court,12950,676365
"Roberts Nikolaus and Pfannerstill",57465 American Circle,461224,87667
Pacocha Group,12 Mcbride Plaza,529724,809737
"Rath Rowe and Kub",411 Eastwood Place,692308,244015
Goodwin-Kiehn,17838 Pawling Way,427920,372842
McKenzie LLC,7361 Northridge Court,23067,847433
Kessler-Cassin,554 Cottonwood Street,728564,658611
Kozey LLC,343 High Crossing Lane,159270,541711
"Barton Streich and Feest",0717 Karstens Plaza,99804,283399
"West Volkman and Armstrong",3106 Towne Road,324762,457700
Orn-Berge,3450 Sundown Road,901688,766206
"Windler Langworth and Fay",252 Sommers Court,934523,810425
Murphy-Wolf,22 Manitowish Street,738215,999575
Oberbrunner-Hickle,22667 Elgar Street,445793,887453
"Koelpin Gerlach and Hartmann",2486 Harbort Point,142035,262301
Renner Inc,64828 Lake View Road,693859,685925
Daniel Group,00808 Prairie Rose Street,604544,426617
Simonis-Carroll,5 Beilfuss Road,616185,841742
Schneider LLC,99057 Manufacturers Park,42591,730741
"Parisian Stroman and Balistreri",33098 Schlimgen Court,466580,966475
Paucek Group,97 Gulseth Terrace,125284,262881
Herman and Sons,6 Pawling Plaza,811088,321834
"Rolfson Stoltenberg and Ziemann",73925 Ludington Parkway,759559,460280
"Greenfelder Hirthe and Feil",86499 Truax Alley,286197,102828
Altenwerth Inc,70 Arapahoe Place,139790,583608
"Weber Mraz and Dibbert",01 Alpine Circle,604685,131130
Balistreri Group,36270 Main Road,308119,219311
"Lakin Carroll and Macejkovic",74 Hovde Plaza,947521,722332
Boehm and Sons,7 Pepper Wood Point,627398,726566
"Bednar Ankunding and Hilll",190 Stuart Court,527692,133610
"Adams Bruen and Jacobi",324 Hansons Road,113975,957966
"Huel Fadel and Dach",4 Mccormick Pass,946550,306889
Waters LLC,515 Arapahoe Place,341039,280280
Schulist LLC,6337 Parkside Alley,94426,807396
Goodwin Group,1504 Miller Court,792060,359135
Gerlach Inc,3835 Heffernan Park,116817,667158
Cronin Inc,6384 Nobel Terrace,836579,97500
Schiller Group,5 Claremont Alley,932822,625039
Reinger-Roberts,5 Truax Crossing,492559,50002
Mills Inc,122 Wayridge Junction,93568,212716
Muller and Sons,8 Esch Trail,180505,647747
Lowe LLC,874 Farmco Crossing,723766,239806
Welch Inc,57475 Brown Crossing,947374,628460
"Graham Bruen and Klocko",32057 Bluejay Hill,874235,341493
Hills-Harvey,2031 Homewood Terrace,953263,761163
McGlynn-Feeney,5380 International Road,120714,175585
"Hodkiewicz Quigley and Borer",47172 Homewood Plaza,633283,202225
Howe Inc,5 Texas Avenue,470622,176374
Jenkins-Klocko,008 Derek Way,29097,678370
Dickinson LLC,58885 Melby Point,961614,606995
"Rice Yundt and Pollich",99656 Ilene Plaza,38033,463049
Pagac and Sons,685 Talmadge Place,833637,636817
Keeling-Hodkiewicz,29211 Badeau Trail,954668,509078
Greenfelder-Herman,26341 Lerdahl Circle,474441,327068
Larkin-Stoltenberg,13529 Dexter Street,339031,651366
Volkman-Smith,2 Lighthouse Bay Street,706062,376435
O'Hara Inc,1887 4th Hill,619659,673473
"Osinski Rogahn and Blick",6 Sheridan Place,56662,506753
"Hills Champlin and Mraz",4504 Dahle Court,274050,724808
O'Keefe Inc,4 Little Fleur Avenue,736152,638550
Greenfelder and Sons,8114 Old Gate Street,458033,838011
Wehner-Schaefer,704 Monterey Hill,708539,249187
Batz LLC,0625 Ridge Oak Plaza,790851,646840
McKenzie and Sons,9 Hoffman Place,581959,419245
"Buckridge Keeling and White",8 7th Junction,355978,678415
Jacobi-Purdy,00832 Moulton Hill,203907,105790
Pacocha Group,328 Butterfield Way,464186,732521
Leffler-Mraz,21 Briar Crest Place,233929,244418
Price Inc,8 Namekagon Street,405825,346127
Friesen-Torp,18 Brentwood Junction,737749,331739
McKenzie-Franecki,57821 Atwood Way,376659,522292
"Buckridge Christiansen and Keebler",4 Esch Parkway,586865,806752
"Ebert Johns and Orn",4 Hermina Center,666860,881170
Anderson Group,950 Dryden Junction,190140,446032
Wuckert-Cummerata,1 Del Sol Street,732527,643382
Ondricka Group,4 Hansons Park,519458,416792
McClure-Turner,061 Stoughton Terrace,657603,243911
"Pacocha Schinner and Lind",8 Michigan Parkway,453574,98968
"Wolf Kunze and Orn",03 Fairfield Terrace,559026,225007
"Abshire Tillman and Rippin",165 Bartelt Terrace,467695,320153
Cruickshank-Murray,5 Loftsgordon Crossing,62319,920835
Stamm and Sons,2 Schurz Court,800026,531784
Schiller Group,0 Monument Parkway,234823,509331
Herman-Wuckert,42279 Kedzie Road,243586,55496
Hammes Inc,779 Russell Avenue,330102,768547
"Schiller Armstrong and Armstrong",949 Del Mar Lane,863255,809405
"Halvorson Keeling and VonRueden",4 Kropf Park,712684,570110
Yundt Group,0 Iowa Center,864117,369260
Nikolaus-Gibson,895 School Trail,995471,323851
Haag and Sons,277 Glendale Crossing,846229,700376
Conn-Langosh,0358 Sutherland Junction,58253,247360
Jacobson-Windler,46306 Fair Oaks Trail,997216,252681
Terry and Sons,85 6th Junction,164137,679234
"Morissette Bahringer and Wehner",98 Del Sol Way,200502,457227
Johns Group,4377 Nancy Junction,868651,357924
Powlowski and Sons,7702 School Center,912877,44647
Skiles Inc,5941 Texas Street,955597,274337
"Abshire Sanford and O'Kon",3463 Knutson Court,63065,366874
Stehr-Luettgen,1 Hayes Center,525616,18928
Douglas Group,87 Lukken Junction,985178,797183
"Larkin Kuhic and Windler",08205 Vermont Center,570284,858207
"Bode Yost and Mayer",0 Helena Court,120556,614266
"Armstrong Wiegand and Crona",36598 Transport Parkway,107638,88813
Ruecker Inc,01 Elgar Point,905608,500235
"Mayert Miller and Graham",63 Shoshone Lane,137556,191666
Turner-Farrell,09 Bluejay Avenue,227839,668407
"Cronin Murazik and Osinski",761 West Drive,146639,272945
Mante Inc,65439 Gateway Parkway,954979,103044
Labadie LLC,5957 Golden Leaf Terrace,788866,948062
Terry LLC,73168 Vera Avenue,677565,997362
Willms-Quitzon,6778 Killdeer Junction,269795,133087
"Hintz Koss and Carter",04 Texas Hill,746487,739900
Pollich-MacGyver,0 Tennyson Street,198666,961295
"Stehr Hodkiewicz and McLaughlin",6926 Eliot Trail,823676,838366
Feeney-Stehr,03289 New Castle Circle,168967,304326
Borer and Sons,52 Daystar Park,339198,934522
"Graham Zieme and Dietrich",224 Sachs Point,371569,71788
Kihn Inc,15 Straubel Pass,428638,226696
Lemke-Mertz,83519 Cardinal Pass,382978,268444
"Gorczany Towne and Larson",54937 Hermina Hill,975039,976643
McGlynn LLC,83804 Russell Circle,693850,476843
Bins LLC,773 Charing Cross Parkway,420624,335600
Dicki-Howe,7 North Plaza,777178,128271
"Bergnaum Bayer and Nienow",9244 Superior Way,192400,860838
Dach Inc,16939 Vera Hill,506899,945655
Durgan-Gaylord,34519 Park Meadow Crossing,843754,918413
Barton Inc,9995 Straubel Court,545388,942912
"Pacocha Miller and Prosacco",7273 Dahle Center,336911,695156
Blanda-Mills,8570 Ramsey Lane,557334,688611
Kling Group,1622 Kingsford Park,923914,966496
"McCullough Walter and VonRueden",38795 Kingsford Road,4341,451879
Erdman Group,56 Northland Avenue,962131,560201
Legros Inc,04547 Miller Avenue,685701,998119
Bogisich Group,90 Dahle Place,645807,766398
Erdman-Rath,850 Farwell Hill,736787,655818
Raynor LLC,248 Graceland Street,172777,732077
Rodriguez-Boyle,66681 Doe Crossing Parkway,823981,28351
"Shanahan Reichel and Weissnat",025 6th Hill,113951,871812
Schulist Inc,25014 Eagan Pass,720490,789506
"Cummings Lesch and Jakubowski",0063 Ryan Park,168382,254576
Ryan-Hickle,123 Moland Alley,620009,318646
"Hirthe Prosacco and Hintz",8710 Meadow Vale Center,470593,743998
"Bartell Rippin and Frami",7650 Summit Crossing,256106,45013
"Pacocha Satterfield and Kilback",36 Schiller Lane,551920,554777
"Corkery Fisher and Hudson",7 Summerview Terrace,395210,4736
Borer Inc,68 Paget Point,106605,747099
Schultz LLC,5426 Donald Point,931452,592350
Rosenbaum-Murphy,163 Arkansas Terrace,535873,456434
Gleichner and Sons,3 Kings Park,800931,456083
White-Zulauf,4415 Buhler Place,309781,846140
"Harvey Kutch and Reinger",56691 Mifflin Pass,166869,900795
Dickens Inc,9581 Fuller Way,629110,801220
Stokes-McGlynn,52 Ilene Court,342374,621525
"Weimann Ondricka and Harris",405 Steensland Point,261617,444416
West Group,9601 Butternut Crossing,391996,676354
Morissette-Kerluke,98985 Center Terrace,533415,63544
"Renner Prosacco and Hilpert",53306 Reinke Park,956645,528592
Luettgen-Morissette,48 Grayhawk Parkway,759977,104850
Douglas-Kessler,71 Derek Way,682216,525738
"Hauck Emard and Feil",55435 Ridgeview Road,131508,22304
Smith-Grant,7602 Fulton Lane,446857,344844
O'Reilly Inc,21428 Gateway Junction,322131,101299
"Pollich Medhurst and Vandervort",6706 Dayton Street,77175,918857
Hartmann LLC,0949 Truax Circle,923674,729748
Doyle Group,2 Gulseth Parkway,540286,268369
Gorczany LLC,4 Weeping Birch Junction,242215,228132
Dicki and Sons,98524 Maple Hill,140017,819354
Keebler-Senger,700 Bellgrove Alley,594200,613765
Bode-Hudson,1 Erie Junction,87633,998524
Zieme-Hilpert,8563 2nd Avenue,360625,580537
Greenfelder Inc,945 Vernon Hill,81123,408776
Bechtelar Group,3461 Morning Court,913065,580263
"Bernier Kemmer and Dicki",58 Mallory Drive,22079,682574
Wehner Inc,039 Charing Cross Avenue,797994,678522
Reinger LLC,31 Pankratz Place,200803,934723
Stracke LLC,92232 Lerdahl Place,172120,301392
Shanahan-Fay,285 Upham Road,247564,970081
Veum Group,212 Sachtjen Junction,419212,374453
Mante Group,8327 Stuart Terrace,100518,737273
Rogahn-Sauer,5467 Corry Alley,879453,650095
Schowalter-Jacobi,3822 Farmco Avenue,812041,947289
Dooley LLC,58520 Thompson Parkway,612340,598317
"Kerluke Ryan and Breitenberg",9 Homewood Parkway,94464,25134
Durgan Inc,87 Morning Junction,175396,610982
"Mueller Frami and Greenholt",9 American Ash Pass,994422,801071
"Corwin Berge and Larkin",29 Reindahl Parkway,497118,175657
"Price Lowe and Rosenbaum",7 Haas Circle,869981,455427
Steuber-Stroman,91 Grim Terrace,130738,495432
Langworth LLC,63 Browning Crossing,659701,332247
Ledner-Pacocha,7 Warbler Parkway,814449,962921
Pfeffer-Bechtelar,35 Jana Plaza,818424,413528
Cartwright-Sporer,291 Ronald Regan Junction,131267,443545
Fahey and Sons,7926 Lunder Pass,59220,206495
"Leffler Hickle and Reinger",52 Esker Court,551829,549954
MacGyver and Sons,4053 Alpine Hill,808652,84212
Kuhic LLC,72 Larry Center,977271,677966
"Kemmer Powlowski and Walker",37 Vahlen Center,637272,705687
Erdman LLC,60242 Sugar Terrace,838264,520150
"Champlin Gleichner and McLaughlin",075 Onsgard Street,524737,677769
Ankunding-O'Connell,80851 Delaware Parkway,735852,900143
Schulist-Hane,4560 Bunting Junction,48289,803164
"Abernathy Metz and Crooks",8 Florence Plaza,515051,617463
"Kohler Hilpert and Ondricka",9276 Gale Lane,317268,790691
Emmerich LLC,4 Nevada Center,553684,130748
Miller-Vandervort,87397 Welch Alley,795172,879963
Orn and Sons,44 Harper Street,893125,904210
Wilkinson-Kshlerin,36835 Mallard Alley,562912,700034
Weber and Sons,1 Troy Way,425422,233347
Kunze-Botsford,679 Helena Park,257766,211888
Bosco LLC,4 Shasta Crossing,572990,122392
Connelly Group,11417 Old Gate Point,994695,620314
Batz and Sons,33676 Tennyson Plaza,137825,414354
"Reilly Connelly and Legros",897 Glacier Hill Trail,878687,44240
Effertz Inc,6 Hazelcrest Way,539192,909607
Dach-Towne,8520 School Pass,843811,201808
Hilpert LLC,8 Dottie Place,559406,990616
"Boyle Schowalter and Lemke",6456 Parkside Trail,534942,55333
Lehner and Sons,32421 Grayhawk Lane,851460,306566
"Bartoletti Glover and Schneider",56418 Toban Center,968466,536144
Rempel LLC,0064 Mesta Park,761122,146156
"Emard Lueilwitz and Beer",85486 Manufacturers Drive,143434,750029
"Hegmann Schneider and Jenkins",21 Stone Corner Terrace,875163,873466
"Leannon Towne and Keeling",8 Stang Point,761212,905077
Kovacek Inc,7310 Sundown Crossing,59813,368733
Wilderman-Green,23173 Homewood Junction,514777,39708
Carroll LLC,78 Debs Avenue,280468,794478
"Huels Osinski and Stamm",09 Claremont Plaza,770252,454450
Brown Inc,7141 Holmberg Way,891480,310154
"Abernathy Gutmann and Mohr",4070 Hansons Parkway,581108,916902
Wunsch-Yundt,9 Sherman Avenue,58124,553378
Runolfsson-Steuber,703 Saint Paul Drive,25914,438502
"Dach MacGyver and Berge",6 Mccormick Drive,821912,333271
"Kris Cronin and Pfannerstill",8304 Chive Circle,828037,699619
Grady Group,80270 Hagan Hill,339398,415252
Corwin-Kling,85 Mandrake Trail,918496,796997
Steuber-Yost,426 Rigney Drive,663634,923274
Rath-Heidenreich,0081 Mallard Junction,514578,943208
Lubowitz-Gislason,65 Gulseth Terrace,499899,218265
McCullough LLC,9 Pierstorff Way,656571,218105
Heaney-Weimann,30 David Avenue,460184,563101
Smitham-Dicki,23 Charing Cross Street,249503,356234
Lehner LLC,6 Trailsway Plaza,94846,706275
Tromp and Sons,597 Fuller Center,906083,438820
