name,password
Mona McRill,GdmjjUsyWNoq
Javier Kettell,VihAyYM1RB
Helaine Bulger,Yy4l4Kyvjw
Sigmund Cow,572JkS8S2s
Raychel Texton,YfyNc3b
May Wigg,Fuc5nfgw
Gregorio McKeag,e9IdhIhS7fwn
Vittorio Giacovazzo,Bsa0iuGqpRmf
Shandeigh Tincombe,PFhohrVY
Rodie Prine,5kJNVRX
Obadias Okey,3JJjzC
Jada Scowen,KB0XZv7Bctza
Ailey St. Paul,z30Y1Cj
Lesly Swancott,bVASPYzij
Lory Iacoviello,sH2MjS
Corliss Craighead,8GBg1lsCcuN
Nicolai Tew,sBpOcN
Althea Vahey,q1PaaYL
Lilia Christiensen,969r0v0rBP
Lyndy Scholar,xbCqDux
Bettine Howler,kfd2Qe
Alanna Plenderleith,Iso7sgT0fDWx
Corrinne MacCague,jXWmtB8zWz
Barnie Samwell,JkivyAd
Fey Rapp,DJix9zoo
Augy Birdfield,aGMfwI
Ransell Yelden,Fr5hHAi7kol6
Kirsten Ixer,Tv0sIZgWJCHM
Gus Fildes,ATn5Yp
Elsworth Ogdahl,qhgYxbqAx
Cristian MacHarg,JSjCWEBOO
Eberhard Tullett,v3UfRTC5OH
Kylie Stoll,5045IQwKyU
Demetris Adame,ksSz7s
Thekla Saphin,h5JoVEP
Eydie Bebis,C3amZgm1j
Prue Bampforth,B9WisnRQ
Russell Belch,9QeHqgdQ5
Melisa Maben,ABdKhm7uB3
Dawn Sibthorpe,f6QuNgBqV
Nicol Sutherns,768Oub2c4j
Jayme Mattingson,TBpO3RMyEmH
Orelia Spong,8Q6io2SY
Lettie Haibel,8aEUhJAsO
Linn Matuszynski,Fc4Mw8V3
Sofia Blacket,bISk42IY
Moll Stiddard,74aGgYypCB7
Jessika Kimmel,zsj6YeE
Renaud Rowena,oXL1MXYpDgLs
Letisha Wrist,HU0Twzv9cZmT
Rois Scullion,CJo0ASj
Leanora Balaizot,xLtDBxi
Garry Chadbourn,ZW7UdmOa
Katherine Alcide,MViYgh
Stacia Castellone,J1Kg97Ssv
Chrisse Sainsberry,En65KKwtS
Ola Dunthorn,q87clItR3N
Jackson Palatini,0Vsz5UVG0
Reinwald Hestrop,C2AJpz
Masha Beggi,54870QG
Doro Winsome,BPDnYspsa2ao
Otha Ausiello,To5IGINVdLu
Niles Pepler,P9BxOySl8QM
Janis Hasling,NMROteu4MVo
Cecile Tedstone,ew9EdF8TdU
Carolina Beards,Zx26bgniLTZ
Marguerite Leel,z8PStdLvF
Granville Boise,tHAQZQW4eTzO
Julita Sansbury,pidCS3
Geordie Loweth,puAj4OcYx2
Calypso Gaywood,EhkOHcZtr
Carlina Benoix,LBf8Ou
Morgan Guyers,ybwypyi3iw
Ardeen Phettiplace,jI8TwVNRhI
Margaretha Calterone,v8YE6Y1476WI
Nonah Reams,2lXVlUl
Giorgi Radsdale,ERKrB3zi
Gauthier Smolan,D3kA7MT
Averil Oggers,zZMZ4q
Gabriellia Labbe,RNsdvC
Jenilee Fissenden,MS1QdC2b
Jennilee Faltskog,8dP5oOFkEjW9
Fredric MacKey,oBzuXtr
Ronald Walling,1kaws3NpCh6x
Ambrosius Euston,W1SrLn
Gaby Brychan,zgby7UqULNAy
Desiree Tisor,XIo3ppA9
Arlene Crystal,esJKibLavBid
Alexa Renac,BJJXJCD7v
Michaelina Possell,264QTQ
Kimbra Silber,xUksqmVV
Corine Strainge,At2HUSZdij
Christan Hughlock,SeimB1sreD
Humfrey Petersen,OAhyRwbD0l
Myron Annon,kgyFmH
Rosabel Whittall,1bqh4zeFrvU
Engelbert Shenley,janvGQPrf
Juditha Eayrs,rDRvX4uzK
Celestia Clohessy,FtRFAdfv
Eduard Healeas,3FMkduqTt
Crysta Rosendale,SI5lNVTvdKiO
Isacco Abdy,ISRozS
Thurstan Cliffe,jHKBYWdaHcfj
Emilie Vasyukhin,gYfahVG
Trip Onn,XaDmTSBSSGUs
Adrianna Gush,BEuf9TFu
Lucio Shoreson,HJqRpvrkg
Tomkin Martinetto,LnSG7NaZIXoU
Sebastian Becerro,589ZoJ
De witt Nabarro,6tfA9KiQJs
Hamnet John,eZDPnpph5
Zsazsa Whitten,NHW0YTP
Essy Bradden,5zQpfkA
Joelle Sitch,CSx0PdXL0
Jeramey McGiffin,drvlfFnULDMK
Nikolas Eldered,6vnHRDB
Catriona Bunn,HDoLFIC2Jua
Donaugh Duignan,VC20mOU7l
Theresita Bendelow,tUsKqWV
Temp Dixson,mIV0l5QR
Patsy German,hjPpqkK
Ynes Heyward,x7L5H3O6Rjd
Corly Aldins,QXFaJ28z7e
Deena Fellgate,pZYx9C5c4wER
Diego Korba,IsdKsIY6ZoSk
Max Ongin,UQjGoq3sVjPb
Erwin Azam,Mk97eF3l6roQ
Twyla Rapinett,rXUvdbRDfeLq
Halley Phillp,ps6WIHXxTbP
Shirlee Garrat,FbkSbHBLS9
Caesar Pantlin,URuhoQ8LO
Katya Fancourt,R8I1JEgqdn
Helsa Mecco,DMQssuuj
Alvie Farris,0K1kCI
Kiley McFfaden,jK2sXwaxjQG
Carmon Forth,mN2SsT
Pace Heaysman,fkBsnnE
Chrissy Kisar,EoXCXF3
Raleigh Laydon,XcDs2N1XS
Michaelina Scullion,NVrkXAIuZ
Madge Warwick,4HoqjQ63zvN
Kristel Densumbe,bEtyJQtChl
Bendix Kohneke,cpHgMn
Hansiain Walentynowicz,oJPBffL
Joycelin Dobney,Ne6K11PMSe
Janetta Tezure,YtnxrtWPo0G
Emmett Emney,KCxYNuc
Shara Tetlow,nq6bmIaqUY3w
Oswell Eykelbosch,epX688W2
Teddie Jorgensen,8ZCLsPw
Shelia Durrance,CPQMl6c
Justus Whorlton,0OxC3hBDNNu
Morgan Skermer,Q27dSHKA
Elysha Domerque,hanC52n3r
Waly Van den Bosch,R7s0nm4Gm
Christie Kmiec,NuFncNF
Suzie Carrivick,IiyXm3LVcF5L
Jerrine Knapman,81knCa4
Gabriele Dutteridge,ltBsXcQkb47
Anette Frend,RcJnnA8
Margot Montfort,qS1npt5SOn
Augie Paul,YHjfeR8PS
Jemimah Bletcher,DgZzE5pgZ
Charles Fonquernie,trEQFd22
Constanta Cochran,hvUC76oX
Jase Feather,3KNW8nwBGvA
Anna Brehat,1G4EflERq
Dannel Rumbelow,PizxRHSCR
Guido Haydney,fOhLxiF
Becca Marriott,3FgdtPSl
Reid Dohms,SVs0sM2BFs
Wait Breeds,Zc2rURXxiQq
Krystalle Seviour,ufNSKHKyaKI
Phillipp Delhay,Yy12jCtVa1
Bo Jadczak,ZTQluPin
Stanfield Gibbs,hXpeHFJgX8WX
Pollyanna Clericoates,fV8qXVo
Shandie Shankster,xMft86qyc7Qs
Lavina Scoon,tiXLlMYgcTo
Burg Weepers,zfPj3yPaN
Corrine Abbitt,51mFF2XBS
Tulley Brewitt,2s9g8lFdJ97
Maria Kassidy,xgt3YO
May Ostridge,I3b0kRvYN
Nerti Chrstine,SkAm0T
Cybill Sandwick,O93iHiJMZnH
Meghann Duffit,QGqYKMah
Neddie Bonds,FSEL8UzwW
Cassie Greyes,fEeLbtp
Herby Osgodby,3o7oZdiZoG4V
Irene Lisciardelli,pO7DmO
Randolf Drewe,Y8dhZ5l7
Drusi MacKilroe,yyUk2w
Gunter Targetter,Wh6QDAbBtFF
Jeannine Moyne,FIJzpmmMf
Lambert Enston,kh08SKn9
Aubrey Southwood,kt2yMC
Robb Bentley,oCGGJn
Harmonia Ruzicka,7SvN4V5EVB
Barty Dockree,oIUB1rLT
Nickolaus Culley,8uzHivK
Dov Brady,4NX1cBKG
Juana Perell,sPj7eHNm3
Panchito Sproson,ErfTI4n
Rog Farraway,DHlsQu2zLNzu
Tedi Axcel,1CkOpnua
Dyan Thresher,kOrjzeE
Matteo Dall,36IZfiDzhc
Midge Trenaman,HReBhWC
Hanni Osgorby,Qax2FUzq8
Shelley Hackwell,C6NWYjS6G8
Winny Kamen,rth6O348csP
Chauncey Menci,MrifwgcvUu
Fredericka Crystal,ClIRYQDS
Joseph Bartosinski,wynUMcR9s
Kelly Tulip,r3kFqh0fn
Lianne Glentz,aPgLK3jWhl
Davidde Doey,Uc1Lla
Hammad Rulton,eCCJ4Hn9zh
Tibold Jobey,ilqXes
Florida Jorg,TXGskZ
Juli O'Hagan,VAzeNaHU2t
Nada Kauschke,mxHPI4ZUC6
Karina Hughes,Ca0ibJlE4cd
Dillon Paik,y47Kp189c
Dorey Glackin,zoMNJo
Svend Manning,3LT3BZE
Elisha Fluck,zjiAjYHAe0po
Laughton Trowsdall,lq68jJ
Terrell I'anson,AskQYVn3lYUl
Rosene Skurm,i9lWbvB3O
Allx Peasegood,4mWtCXjW
Bette Nolli,6jIh1IhA
Shirlee Gooderson,M8azv4lxA
Cobbie Fetters,Yn7ceKpz0
Janos Kerswell,MqFdrXVlY
Dorita Treker,QnGua8j
Conchita Drexel,PZYEkGauyeh2
Teddie Ashbe,E4CH6O8
Farah Lansley,PyFdBMti868R
Bancroft De Ruel,pOaHeCmo7V10
Roberto Galer,bVZTKcuhYc6n
Barbee Conibear,cC9gFy9P
Verney Orto,5KdeVLwL0JV
Livia St. Queintain,AIw96wsVz8k
Darlene Mathy,n5gKkym1kA
Juli Elgey,woeMf2s
Aeriel Huguet,RuItYw
Gran Pouck,mA3nxbIci5QX
Aubrette Birdsall,NCgdrp8tWH
Bel Biesinger,hwZMCJ
Bianka Eglese,DZnmGTkQ87
Fowler Lark,y3zESDd
Sandy Richfield,1OctpLmf
Rurik Kidston,y2ulO5ihL
Gui Dubbin,11g8LM7IQS
Monroe Dowzell,tHJf14FPRC7m
Costa Willstrop,Vg5qqA3UzOQ7
Paulie Posnette,7nkHIUfl
Korella Klebes,vzj1kNAU
Brooks Yakob,yzUCzgGcDn90
Marwin Breakwell,fg4gY4
Krystyna Kobierra,cY2CHF
Thelma McGlade,z1kD0y2S
Stanly Jarry,E4PA1A
Bertrando Barock,K7ntwjZ
Towny Steen,jk1jlab
Ernesta Plaister,ziklvSCwG
Ingunna Merriment,M1cIFX2BjZ1T
Dianna Arnatt,Rb8Wy1vz2
Arni Rothon,HQvce1kIvxMT
Haily Alsina,egTdXBgWg9PT
Kendrick Render,0JCeWIGqVrY
Hermie Lambourn,qy6bxVFLWr
Lucius Shermar,622EfUg
Saundra Faux,zK6TYFv3jQ
Lory Aldus,B7MsnakU9OL2
Aland Labat,YBDMVpJGSLB
Ximenes Yard,q2D44nhzh
Catherina Petrina,LfQ0yGyWkB
Beauregard Montacute,rzFwVPTRmQs
Mohandis Masarrat,dt9QdfS27Sa
Beau Ayers,CAYem7z79
Maddie Feary,wk5P9c
Vere Mackley,j3t2ydq
Bertina Mellanby,jbFMS8CN
Broddy Rule,F9h2dDcF
Tyler Hopkyns,YtN5i7or
Amargo Savins,v99cVe15
Kellsie Fellows,nunAwwUr
Agnese Dawby,bCG6j9g0VN
Midge Meadley,K3bxWQ2rh1
Eydie Oldknowe,IJvJQsUB3
Lee Tapping,CI2giGFm
Pammi Valenta,Vk0PqpSGOc9
Howie Thackston,L5Xft7VcC
Lena Caulliere,fZj2v8cAo
Germayne Van Vuuren,Q8arYU4wc6
Elianore Bilson,TWdXO4Ex
Drud Pennington,eznVPL
Towney Keford,mTGznF
Albertina Sims,I1Cvc4KMNU
Shantee Izsak,v8sV50
Jerad Hakewell,PPhccfZf4kXQ
Leanor Davidovitz,BRenAt
Brinna Rothwell,M0abKT
Zilvia Gorrick,kECgXCbNU4bX
Emilie Peche,8nonYSD
Shantee Benedek,1r2ncfI
Millie Winward,mc3onA6qbu
Benton Swindells,JMwgA7Sb6u
Arte O'Crotty,2xsFbAEyu
Marlene Clutton,X668sBo
Jolyn Swedeland,ZeV7iSjII9V
Kirk Iskowicz,PJ8u1V2ufg
Arley Antognelli,sCjBPe
Jenine Jaquin,0Moh3cria7c
Alex Carvell,tcdoNEj2d428
Eloise Foxon,sPjlbJo
Myriam Robillard,06ctZ2
Sharron Hartness,LIir2Hkmx
Stanton Growcott,18YF6Q2ou
Lela McCorley,AvtqCWR
Ursuline Stable,b1psqUcyAd
Shirlene Mathison,jNiWWDfXGtuP
Darius Parkisson,VGhMNvWeRyF
Nickey Measham,e3Ls9w
Ebeneser Millett,GLdSLA
Nathalie Clausen-Thue,FcoCRcMrB
Corrinne Mosdell,unsk7RRmf7
Rebecka Clayton,WxvBWFBnJxp
Vitia Tweedy,w15juEdV
Emelda Tupling,nltFsymEwN
Forester Martinovsky,diRpB8JPQ50
Thebault Exposito,E1p01eHwf9P
See MacFaul,lBSRRUVmWb
Olive Parker,qY6jJFzw8
Harli Bradnam,hX3Kc34foYX
Faun Growcock,wfGMI82
Shepperd Trounson,wJtW0IqOjM
Dahlia Moreno,nevWefR
Olivette Kersley,ePbjbi8e4A
Cassaundra Pellissier,TIry0jXNpZka
Thane Springthorpe,yczBZuAJOS
Maryl Blanning,35WHaP4AiGX
Eolanda Guinn,2DPfLPpPDHoe
Eugenio Mowle,prszlthl
Nap Brownlee,GP9Pax
Weston Lyard,Zk7UpgGBPOM
Evania Haygreen,1fMRGrR
Lothaire Holsall,dmOvFKc0X
Kingsley O' Dornan,6ZwRboh2cNR
Theodora Southern,9Jgak13
Adamo Gillott,97Hr1SSGKf
Jose Girvan,srdchnE
Becka Mumberson,wN8NtJSg94u
Melania McKerlie,zrDklHb0K
Granny Barnardo,fBYzw3nNXlW
Dixie Leadley,PRv0GuM
Auguste Lippingwell,eCC5tGOhVOL
Trumaine Hanbridge,h2fjorbH
Curry Courtenay,OselebpFM
Brucie Huxham,mjH7FoXtk
Jacquelyn Farlambe,wXaGXVAQSze
Donnell Breckell,eO3vhWzNBn1c
Esra Troughton,RWBpiTKFiSJ
Drud Cana,Dno3eE
Betsey Uppett,Nnf2ZMaiagB
Mal Fairpo,vP7JisiZhjIB
Charyl Rye,F48lU3
Roana Deards,RNiXok1pu
Amalea Yonge,f8qapHocSPzc
George Crusham,Yezx0FNF
Gwenneth Kellie,jb6FRdF3Nji
Hugh Wolfe,Xpf4PPLW
Celisse Hupka,EbM557
Nikolas Devita,y4kV7lc
Elise Queste,aN6FvT
Jessamyn Gethen,mCUq29qs5z
Horatia Garatty,jiqDcTZE0Vb8
Mame Girardi,P4phMTX
Rip Westhofer,9MmkQMb
Calhoun Hepher,qQOeblDz
Forest Fyndon,zOky3DPIo9K
Davin Kubin,T270zhHOq
Maryellen Griffen,G5wTQjE3xN9c
Bastian Jamieson,Stg2FY
Deborah Morecombe,Avi9S4qjpZPl
Kerrill Widdup,7jHT2wgoX
Arte Perren,DEf31MkQ
Noell Regenhardt,6tysuLjSf07
Veradis Coste,bGChMf
Phedra Heersema,4qU8pRiF
Hendrik O'Sherin,EAfxQFA
Gard Bowles,Q122Nw7MlPva
Judie Offield,dsndBkVooX
Lesli D'Acth,nFptYOXDA
Kelley Lissenden,AQ2ScW
Chan Brundrett,oPAIzbM1Z
Cathleen Pauncefort,aXkU2P
Bert Leopard,lYc52F
Chloette Bertlin,vyJF4W
Morganne Cleevely,TKpF2F
Sanderson De Biasio,SAJcVKou3l3
Adoree Gilhouley,llO8au2zZQQ
Max Foux,VD7V7qqZ
Vic Carmichael,xpCPklh
Deerdre Connachan,jIVvZDn8WJ
Daisy Kill,jXyUaOCF6lwx
Emmett Fearby,RElFdDd
Renee Kneafsey,1NyjjuD
Dudley Deller,357kJv
Talya Arnell,NMAFii3S
George Harmstone,kD2tgqS
Belvia Suddaby,MQa8D5HYECXZ
Chickie Jellico,WrqbZn80NW15
Danna Bollis,KQxz68pv1
Courtnay Baynham,aB3fRqGH2T9
Carce Lorimer,mi1OBO4
Lothario Brashaw,QR28P4L
Anton Tukely,0XKtBQt
Reynard Jon,uv7AGJehSBrZ
Sharline McMakin,daCMU3IFH
Lenka Filochov,FJPfUzS
Gayleen Cheyenne,w7eQgJPWlx
Gilberte Joust,ZEeNFOCtoxU
Milt Sabater,RBwknwtK4ejm
Stevie Caudelier,6oVi4X
Leonard Spadelli,c1HiqByDf
Jesselyn Cleland,0sZRdq
Juliane Stancliffe,ntnXlxZpew7
Berte Stanfield,B89rfThq6bwJ
Kalie Greeson,UjsCha0g9
Patty Daubney,Qdc4BktXkQn
Debi Jenkins,RqTi2DgYb
Tate Ander,pSzCpx
Bebe Itschakov,bYT47FOzx
Cherice Serris,4IWPRA7A
Quintin Bugdall,Jqxfe5
Arv Leith,b15jVtdLvwhR
Carlina Sate,u3amHbe0wgus
Cindi Hourigan,4vtJ8C9
Melba Wragge,jJHckQ
Sumner Northen,e4uk4pf
Abel Lineen,MN3u58eoM
Laraine Grandin,MhMqiAy
Oralia Worsnop,MWV5nQ8mLu
Towney Aggus,X79hJo
Perl Ledingham,YH5C3FX
Sergeant Fortye,g3Dmyvbh45
Vonny Huband,v5pIuo2o
Friederike Busen,JoNFJoF0
Terri Besantie,mPnHILxoLdO7
Harlen Clemoes,OBCf4R0bd
Maris Scritch,z178km
Clive Drowsfield,eoArwy
Bancroft Bilofsky,AtqXwz
Fancie Crapper,iXs07l
Quintilla Burgen,0OQUA4T0f3sE
Sayer Girardet,gi6Teu6
Lauralee Sheldon,OytTtsrdpD
Kai Hurche,l8twS8p
Micheline Bowton,kXeraWqE7rMP
Jorrie Malinowski,E78xcLekj
Sean Nannoni,uWKOt0dfy2
Adelbert Vitler,Yqv3CIGTh
Melesa Dmiterko,TwSZUui
Boote Tyer,ThRZZHuGSwZ5
Saul Rosita,tk5d3BWhF8GC
Adria Kipling,Js70O8o
Mirella Nibloe,N7u9mP4
Reece Archard,FXnBF0odiBa
Darleen Farfolomeev,B5F1fWyw3Cz
Eloise Farnaby,NB9jKhXM
Marina Fagence,kMJ14ebAlS
Meryl Iddiens,EWc3djl
Dewain Mompesson,HY6EKBI
Christin Kimmerling,Y4iN1RFH
Redford Vigrass,KBuXilqydqHC
Robb Craighall,9J8QT2gvZqr
Charles McAllaster,hBEvJdVj0uNJ
Rory Tebbs,By795t2pv
Cate Sivill,hbTc3CTK5
Alain Measham,hX7bSth
Brandy Kingescot,6RaBmBdE0Y
Lincoln McGrowther,XsfiqHigvsO
Dasya MacLure,LWXLJb48sU
Burr Snozzwell,iLmqihKEJ
Carlye Halcro,ZfrGh5zb
Neddie Blitz,PPFEmwZhits
Bogart Kubec,oqQGUNwbh
Mose Luxton,M7weQYSVK4
Ruth Willatt,MYAaavUDJ8f
Neil Cann,gcRoOM
Alys Guyon,cXLW4zVl
Barby Pendrigh,iltxwTkVyqc9
Sigrid Reville,QOgFcDj8
Concordia Ebrall,rhkAjrOTG
Levon Klosterman,u9CTLDZOjw
Clifford Manuello,q9PYWz
Kaine Dunkley,PsSHrxbYY
Obie Purselowe,RJ5wRUzCbBIk
Deane Tyson,ZkdZOWQ9Zg
Stanleigh Dodsworth,8Oy8lO
Langsdon Jammes,2jgfRAoFa
Lodovico Le Jean,nCtjn1In7
Tony Lipgens,YlQQvcOT
Tull Espadate,9mMrfSXY
Dennet Vosse,boK2RagHoC
Carrie Runge,cWQZkqm2va
Rriocard Wickenden,diNFhg5r
Novelia Course,CxwivjMjwfg
Annamarie Drohan,3Sp4hL9E
Fleurette Barcke,Npsd3dM
Albina Cockton,SsuK0IolQ4Er
Valdemar Banasiak,v9BMt7CtXL
Dari Careless,4r4let
Merci Brazil,7zs6JjU
Maddie Butrimovich,G4AsfcZI4
Richy Worthing,QIzzMyilvfi
Jere Pynner,SfqjgwHtb
Floyd Cruwys,RoxnGDuP
Dillie Heard,0OXmZggxhu2X
Mia Gallihaulk,DXL2h1Y2eOLY
Jerry Northwood,NAeWPacDxHH7
Camille Ebbutt,wYracOEOE
Hailee Mourge,CeMa77xH
Sollie Tidswell,0WKm8v7MeL
Hilde Klimov,lOpjEMZ86iwM
Jodee Matyatin,a8Tor8
Michal Antoniottii,0tUQ4LqXA25p
Perceval Odhams,GJJFuPEQSoB
Marcelia Finci,S7rj5phO
Ignacio Piner,UIiNVAD
Corrine Peascod,gpKztxA
Vivyan Lightoller,ZmLIp4Ip
Stanislaw Jacobowicz,0FQPeVPttTxM
Carly Saladin,1iAcXg1
Leeland Lowman,5gCIraIs9uEN
Lorin Oleksiak,JLYujT26dAfg
Anabelle Ponter,NWzqf8kL
Netty Whissell,gz9O6a5ZzVP
Lark Lewson,qijROZ
Clarette Phibb,N1spSpP
Elyn O' Meara,AcIgDL
Vasili Mackleden,hDWtdihF
Celestine Dudderidge,pQiAdSAkn
Hayley Jozwik,BWvrlQdHT8tP
Dacia Potkin,vq5P6m
Sharity Floyde,t8OT4uQLI
Jasen Bradneck,FD85zSvwUfO
Pietro Saker,LzfzoDnTPNjd
Marie-jeanne Higgan,JecXL8s1L
Dyanna Gothrup,WBndmaDBklhY
Hadlee Helleckas,i596ith2q
Carline Ferencowicz,1YLRGRI9S
Rafi Kliesl,kCBVh5j
Theadora Baddow,W81wMNS1
Silvio Bavin,UxcDo1
Adorne Stable,neMmHFhxi
Jillene Ventham,9qsTxYAFTZ
Aurea Puvia,714mB99F71F
Kate Simic,tLQylUq1
Seth Pladen,gcFqRT
Caryl Sharma,wgAhSFbvx
Kipp McDarmid,N1L33hLK
Olvan Eshmade,jBeVfSyKcwMm
Gates Hyman,NHKg0HUfyN
Krispin Tejero,lqNdWAS6l
Norean Guilder,aXUSo8CT5
Brooke Trent,UhCV6w
Loree Ernshaw,cce3F3R
Uriah Chapellow,szsQjZ5
Ronica Nucci,hjxnYFI6t
Midge Winterflood,1OZHv6NAcNY2
Rae Buckel,ZZOAFnzH
Lanae Marchment,NII3QPA
Mattie Tabord,c08md0C2Yb
Mora Harkins,d0Np4UE2J3
Eula Trumper,DHyvBRo
Zacharia Tasseler,gJXFtFp1iYh
Artur Brahms,TIGfEEHpi
Hermione Colly,7pQf0Ya2X
Maren Kerrich,zn0vOiDpF0r
Emelita Mc Elory,k0bSZO7x
Cinderella Currington,Zmq6KRXxtb
Kathryne Hucke,guTWGF
Thibaud Deneve,Qu3nxIkGP7
Stepha Swetenham,1SC83R
Gerri MacCook,5q1TlbV7
Loren Perks,zuxTxLg3NA
Bernardine Tapenden,JrKvn6
Gerry Trevarthen,WVB1hwuLmS69
Phylys Pethick,XYBFl9dk
Katey Wimbury,6Xj1NG1nO
Yalonda MacAvddy,cyTH9sXhCQs
Frans Ebbotts,1OA4r3OGz
Sherill Devlin,MjrTaXMxgYxq
Berty Abson,7Lxrk4
Evita Oldacre,1NN2YdML5
Stavros Segar,nCNgW6RtaOA
Olvan Capewell,1wjmfhfYGUXL
Frankie Parham,fEvFgkLO
Joly Surcomb,cBDKGBcyay
Chryste Grinley,OAzPiCb
Clemente Euplate,oIsBUWmnnSdg
Odelle Halshaw,RrtaVtM
Tawsha Gillett,lMqRIK
Gray Calladine,QWeyKLNyNr
Dew Le Borgne,SQCJ2tG56j
Jesse Rawet,0m7belI
Jamima Agus,SCIPAbaEXkw
Lea Delves,C7zz9sWDEKy
Nicoline Weight,HBbg3Y3VP
Gabi Stobbart,bIQ8d2IOWP9C
Guendolen Widdup,234qWeDmMws
Bennie Deveral,T0SzhK8l9
Davide Darlaston,hGbDE93MnJy
Chloris Millar,hsiaubfPmipk
Leonelle Haswell,IijXoubln
Ellette Gabbidon,ZB9rgp2RX5
Alistair Georges,1Xw6o5
Hamid McCaighey,gQ0bqy
Vidovik Oldcote,SUlykGMrBqhH
Jennilee Ivshin,ZxUZzdTA7
Karoly Hutcheons,uXdfKmu5Ui9p
Brew Candish,GAVMRNwSfen
Bette-ann Moorhead,FQNEDNXW
Minny Lebarree,NEQEc2hIy
Creight Paschke,AzsZqN
Lyndsay Sherme,bqm4Sm7
Joell Trimby,3wGlgG4
Herold Rojahn,1llTWQ
Mattie Goretti,OwDL6o
Avigdor MacGlory,dvfAZ1Ynrgf
Marmaduke Tibbs,7D5NtTSnr6r
Terry Springell,gPQ1mNkP
Yule Core,iof25Gdj5H
Rozalin Crossfield,cJl9816aEK7n
Farly Rable,JUasNkD
Lesly Gorusso,sFYG5D
Claiborne Aspling,dN9gZ1cop
Lana Slateford,hO4e14
Maurits Blackler,4tEV6Tb39BkB
Ree Marjanovic,0uyX1NdON
Lillis Donaway,Ljwz7eNzrkVQ
Dona Cheverton,h1iq4ei
Blinny McArt,hmJC0I8wViC
Madelena Matus,HqDblk4I
Lay Grimmert,uXHje7X6dK
Curr Galler,3DlO8TyPW2
Johannes Sawl,iIQ5Ny52pY
Alfred Nelmes,OO4aBa0I
Lishe Lymbourne,LhPhbKFd3IxS
Townsend Rhymes,C2ITZdj
Norton Di Matteo,a42x7s0r
Chantal Karchowski,xZcpvT1qYQRA
Ardene Bickell,CjmBKfvlIop
Serene Oliveti,hDRUG7D
Bethena Skittreal,NDtLuwIug79
Helen-elizabeth Havesides,BtoWPoylDuH
Isador Parffrey,E7FKGj8
Dynah Howis,qEqoGM
Courtnay Chavrin,I2bGjQCrOsgO
Eartha Sedge,KounJH
Guillermo Holtom,5v9YCv
Rand Stygall,rnFiagCNVxm
Roanne Shevelin,4msdYJ2yalv2
Marnie Westcar,EK2QWrWp
Erik Swedeland,32tzhyp0Djc
Nadia O'Hallagan,OEut4qPs
Lois Woodworth,rIkbT0
Rey Champion,vK6oWAWLN6
Imogene Zannutti,ciZmu5G
Parsifal Clemmens,t6czSx
Ennis Beall,uv2QVc1XYeS
Benson Spurden,V1hO6wY
Martyn McKendo,RYsV7neX1eUk
Heidi Lilly,kx8fefiQ
Bogart Goreisr,emNMKg
Hailey Butterworth,F5ufn9t
Carie Syddie,C0mNNyyQQUb
Hebert Bretelle,gdrmw7ooDP
Jedidiah Duffin,OCOAWPpB9OWP
Meridith Hathorn,HiC9IT
Carissa Cockett,THBhdK0c
Kristien Duran,ezYvy2YX
Tamarah Giraldon,bBtbmPKg
Dinah Enion,i0wK00vjT
Crichton Clink,CvPe9T6lWGWJ
Khalil Darell,G0l3sqPs
Maurizia Britton,kh9lgWA
Damien Freddi,vwKEb8BH
Filippa Bromet,2NGhBRkyIP
Forester Greatbach,X0mW1Cbc
Chrissie Corps,eg0AhBD
Cate Denisard,Yp8pjKQ0eq9
Susann Zarfati,5bLcJsjj2h
Minetta Krienke,ySI8zgujBRN
Roxana Innett,vFimyegmPK8
Lonnard Prewett,l114Df
Caron Frank,Fx0MtcC52
Winne Dows,V8UWYm3ySm
Gabriella Darke,NeHku1w
Wendall Pallin,7Z2J9D
Robinia Haggerstone,8I9hsBE6D86
Fidel Innett,FmtiNd6
Richmond Honeyghan,5zzFTZBAaxA
Basilio MacLaughlin,KubfNN2
Janeen Ashurst,ygwBwlI0x
Huey Ennever,fcUnXsZT
Troy Wilshere,2PIkAq242Krs
Melany Shaylor,YDYUEt
Jobina Eastway,W0QZpi
Ham Tingcomb,8hffWV
Fanchon Cargo,Bl0JCb5Uzu
Roseline Connue,EqsZ9n
Angelita Bance,e7LMQfWkK
Scotti Kenwrick,bindhdlY6p
Udall Willsmore,xG5jvY0yb
Lia Spinige,qvpfh0I
Bevan Noads,N7L8ymn0V
Marga Tyt,t63kil
Lalo Rowet,Qt93v1
Lee Revel,aCGNbGz0
Terese Gaydon,r6z4KYb2
Armando Duchart,cH5Po3XW
Inessa Ticksall,ZJoGxpn
Tuesday Paynes,TainXeSnoSeV
Marthena Atack,IZlUU3WST5
Jodi Kellington,OzuS9R
Micah Bayldon,LS3XasWv7
Alvinia Creech,YtuBw9x
Lizette Mohring,xDiAPu3dK3p
Daisie Keilloh,1DX6YJN
Vincenz Feckey,AItBUY
Jase Smallpeace,TH1FYfOlNHM1
Fayina Calvard,sJVRhl
Natale Rist,UxlKM8n8I7U
Anette McQuarter,KQXVqBQ
Genovera Abramowitch,mcB303Wo4o6
Oliver Stampe,TTuTNslM
Saunders Lethabridge,c1umypL
Alexandra Pettingill,0RjYlb
Toma Vannucci,DaOiaBfoTwh
Heywood Ropars,L4Bnah5Q4jyX
Thia Brashaw,DPcq7HVbc32A
Andrew Huxham,7LxcTZkDDV9J
Devina Tilling,Usl3fDKD
Lammond Nisbith,qsJCYl
Tiffi Eastham,W7ZR3jr7wxHc
Christabella Sorrill,PeStxBIEX
Dick Simanenko,F72YNpW5E3
Tuesday Broschek,uzMY500iN
Kean Hawick,uWngYgIeQP
Sadella Ruzicka,xixZHZNLu
Eugenie Bignold,DLWlmb2T
Row Bignall,IpMFpralgs
Meade Deverille,TlXuJ7n
Agnes Franciotti,meszLza
Hedi Haggerwood,HiboWQ
Bernhard Airlie,9iVujFGR
Darleen Rubinsaft,iN8iqC
Seward Willoughby,yH0scIh74erU
Chris Payne,XaPQ4grvG9N
Corri Thomtson,T4eIC3d6a
Meyer McGillivrie,WzhRI3Y30M
Ronald Orrett,p8mBTtpc
Courtnay Bischop,opA8CHzup
Jourdain Grealey,3E3vlehnwBe
Sergei Loynton,zw8R0zxO
Alisa Dunne,VwscUpAZ7jxR
Peggie McAmish,WT3eVytRahjh
Raimondo Buck,UF6w4y
Obadias Adamides,6IepcyspFUDv
Halimeda Mallebone,5AkA0TCrg
Claudell Gorman,i5iArJBG
Moira Atton,HOpYTmci9g57
Hali Atteridge,28IMqnE32zbM
Taffy Buessen,aQ5H0p7fIV8
Arvie Hartwright,aZBF9dOz
Marshal Rape,CSz6Ze
Morlee Meek,f4oB6TzS2zQy
Philip Cruz,yOy5679u
Michele Janse,pxThpjQW45s
Marvin Lovick,RXT0O6
Huntley Hexham,JfAnCRhpRV2b
Petronille Rowlson,KpYmABc
Rikki Gammage,d4AfZ5DFW
Broderic Van den Velden,94hygTBByfy9
Verena Baggarley,8Sxf8W3
Marsha Cawood,AskOgv70ka
Tallie Pendrill,WGj4LwC2gJ0z
Renell Gippes,OiARzn8
Dick Pincott,thDlviDAtKG
Mendie MacTimpany,Z9szlxINal
Ameline Stodd,4K3dOMFT
Petronella Bestar,c5zfmBdeXeA
Milicent Heimann,gUSTlIXz
Graham Meharry,wzbqaQBmNxf1
Brennan Hurdman,tJZYcPA
Gianina Fearnsides,TwfjzuxE
Ruthanne Vondrak,erOrHfJg9D4
Gerrard Goforth,HVDBld7RNEH
Nev Scrimgeour,sqB6q6
Chicky Cattle,0IPJU8MBq
Ysabel Batiste,VZ8ZnKok
Redford Asif,pOJ3j9Mfb9T
Danya Lealle,VExd9r
Marie Heaseman,BiOedzsrq5qc
Clement Suett,Kabqax5vHr4E
Leonardo Fenech,uflWfLV9kTD
Tessie Sangra,hy2VZc
Kevan Franiak,UiJ7JxWQqwB
Fitz Simcock,3ZmFo68r
Lethia Eliassen,1CFVcX
Noelani Slocket,OaAY2HoXCE
Sela Gainsford,0OO8QvViedr
Edie Doore,drhl9eE5X
Aurelea Yanne,eQ4TUl98xa9
Margo Vollam,6ber0hXVXM2O
Shoshana Trickey,Fi3PUl8ODj
Malynda Rough,CQF4HiP
Jacynth Tabbernor,YYKi92PsMO
Star Alkin,gvHsWeMmjWq
Jeanna Rea,bnkzaSYG7Ohz
Yurik Grossman,eP6KtA
Giacomo Rennie,DUzohi95
Rowland Matthisson,32uoguUz7kj
Raffarty Morrice,JLkuGFr
Neal Bente,yjdFxS
Ilaire Nann,zh7BNnD
Gisele Andreotti,plGRrlP
Cletis Semple,qSkaOH
Aloisia Vedstra,FW5s5aNq
Merci Krop,an3mS5zoRJXP
Carole De Beauchemp,C62IcYI
Krystyna Janz,5lOION4v7O
Vaughn Yashunin,D5qWBL8XanK
Katya Lodeke,b1xDlS
Dyann Taw,MMGYUP8r
Calida Say,T546ej
Toby Casol,dx3PysfEZkR
Laverna Maynard,ffqrCjq
Ethelyn Marquess,bj4PNMV6wIm
Billie Lidgerton,yvr2MXvCYjr8
Katina Benko,jjxQdmPCwTG5
Moore Gammell,J2odI4dVpqN
Louis Ricco,GhlB40
Viola Lean,nv7gRE1z
Lyndsie Stepto,n0rhYwUFRRFs
Roselia Haffner,He6hA3V9ejx
Julie Pauncefort,bdbWoym5FFt
Lina Junkin,6aOWPLbYfwCm
Adriano Barlow,EokLJLfHq
Luce Monnoyer,P7AJdKc0
Tripp Ebrall,I2DrCeT
Averyl Halls,x3CsvHMlj
Zarla Keddey,M7TYlCdJJw
Melisandra Nuton,kJ7aLNbG0iC
Masha Bashford,mcU25B9Yep
Stacy Wix,YhqoEL4GUy
Lou Fyers,DfLCxsq7KRS
Paulette Bole,7MSgzbQ
Bartie Buckthorp,KMlT1eTo
Jarvis Peel,Zz3V1ui
Terra Hug,QdYuQylzkLA7
Harwell Darkin,972KvD
Dix Handforth,wbgRugjG
Andy Cammell,C3udCtuYl
Xylina Tomicki,ME8xnOJ
Bud Van der Beken,Ocx4WrdY
Daniel Pow,lFFLLATrNp
Loni Howlett,hBTIHXj
Verene Lashbrook,Q9N46b
Dedra Douche,xJkWQuUsFo
Archibold Messruther,fPyK9Rl8bE
Edita Conroy,joC3MZyA32
Prissie Gherardelli,FF3OjyQ
Moyna Yushkin,vTvgnYCuFUS
Malena Hush,jY1Xtb0jWl
Dickie Craufurd,fxZT7E
Zarah Goater,ZVlTOrDQ
Lin Weeds,sL1mzQPbOjC
Frieda Fetter,MOFCFfOu2yyK
Tessie Nanuccioi,vrtNsMNHdDG
Bay Ipsgrave,x9yFRUl
